型号,系列,网址,图片,价格,状态,CPU跑分,CPU型号,CPU系列,CPU主频,最高睿频,核心/线程数,三级缓存,总线规格,核心架构,制程工艺,功耗,内存容量,内存类型,插槽数量,硬盘容量,硬盘描述,显卡跑分,显卡类型,显卡芯片,显存容量,显存类型,显存位宽,外壳材质,可选配件,网络通信,电池类型,基本参数,厚度,屏幕技术,无线网卡,扬声器,屏幕分辨率,上市时间,宽度,工作温度,其它特点,产品类型,数据接口,长度,笔记本重量,安全性能,客服电话,电话备注,人脸识别,电源适配器,质保备注,音频系统,光驱类型,笔记本附件,存储温度,有线网卡,主板芯片组,显卡,产品定位,操作系统,电源描述,质保时间,外壳描述,处理器,输入设备,指取设备,保修政策,包装清单,外观,附带软件,保修信息,读卡器,显示比例,音频接口,工作湿度,蓝牙,指纹识别,环境要求,麦克风,变形方式,其他,扩展插槽,摄像头,存储设备,详细内容,屏幕尺寸,商用技术,最大内存容量,续航时间,视频接口,特色功能,显示屏,多媒体设备,触控屏,I/O接口,键盘描述,其它接口
Razer Blade Pro 2015版（256GB+500GB）,Blade Pro 2015版系列,http://detail.zol.com.cn/notebook/index401750.shtml,https://2e.zol-img.com.cn/product/153_80x60/464/cemdYB0h38sQ.jpg,1.36万,[无货],8026,Intel 酷睿i7 4720HQ,英特尔 酷睿i7 4代系列,2.6GHz,3.6GHz,四核心/八线程,6MB,DMI 5 GT/s,Haswell,22nm,47W,16GB（8GB×2）,DDR3 1600MHz,NULL,256GB+500GB,混合硬盘（SSD+HDD）,2111,双显卡（发烧级独立显卡＋集成显卡）,NVIDIA GeForce GTX 960M＋Intel GMA HD 4600,2GB,GDDR5,128bit,镁铝合金,NULL,NULL,聚合物电池,NULL,22.4mm,FHD，LED背光,Intel 7260 AC，支持802.11a/b/g/n无线协议,立体声扬声器,1920x1080,2015年05月,227mm,NULL,NULL,家用,3×USB3.0（其中一个具有Powershare供电功能）,427mm,2.97Kg,安全锁孔,400-0808-769,法定节假日休息,NULL,100V-240V 150W 自适应交流电源适配器,整机（含随机电池）免费保修1年,杜比家庭影院 v4,无内置光驱,NULL,NULL,1000Mbps以太网卡,Intel HM87,NULL,游戏本，影音娱乐本,预装Windows 8.1,NULL,1年,黑色,NULL,NULL,Razer Switchblade用户界面,全国联保，享受三包服务,笔记本主机 x1电池 x1电源适配器 x1电源线 x1说明书 x1保修卡 x1使用指南 x11Razer（雷蛇）贴纸 x1,NULL,附带软件,NULL,NULL,16:9,耳机/麦克风二合一接口,NULL,支持，蓝牙4.0模块,NULL,NULL,内置麦克风,NULL,NULL,NULL,集成200万像素摄像头,NULL,对保修范围内的产品故障，以修理为解决原则。在可行的情况下，我们可能会尝试通过网络、电话或其他远程帮助方式来诊断和解决您的产品故障。产品及部件的相应保修期按相关《产品保修信息》执行。保修期自产品首次购买日起算，购买日以购买产品的发票日期为准。如无有效发票，则保修期将自产品出厂日起算。产品发票日期晚于产品实际交付日的，保修期自产品实际交付日起算。进入官网>>,17.3英寸,NULL,NULL,视具体使用环境而定,HDMI,NULL,NULL,NULL,不支持触控,NULL,背光键盘，Razer 防冲突键盘,RJ45（网络接口），电源接口
Razer Blade Pro 2015版（512GB+1TB）,Blade Pro 2015版系列,http://detail.zol.com.cn/notebook/index1141191.shtml,https://2a.zol-img.com.cn/product/171_80x60/628/ceYGq4OADQg6.jpg,2.3万,[无货],8026,Intel 酷睿i7 4720HQ,英特尔 酷睿i7 4代系列,2.6GHz,3.6GHz,四核心/八线程,6MB,DMI 5 GT/s,Haswell,22nm,47W,16GB（8GB×2）,DDR3L（低电压版）1600MHz,NULL,512GB+1TB,混合硬盘（SSD+HDD）,2111,发烧级独立显卡,NVIDIA GeForce GTX 960M,2GB,GDDR5,128bit,镁铝合金,NULL,NULL,锂离子聚合物电池,NULL,22.4mm,FHD，LED背光,Intel 7260 AC，支持802.11a/b/g/n/ac无线协议,立体声扬声器,1920x1080,2015年05月,277mm,NULL,NULL,家用,3×USB3.0（其中一个具有Powershare供电功能）,427mm,3.07Kg,安全锁孔,400-0808-769,法定节假日休息,NULL,100V-240V 150W 自适应交流电源适配器,整机（含随机电池）免费保修1年,杜比家庭影院,无内置光驱,NULL,NULL,1000Mbps以太网卡,Intel HM87,NULL,游戏本，影音娱乐本,NULL,NULL,1年,黑色,NULL,NULL,Razer Switchblade用户界面,全国联保，享受三包服务,笔记本主机 x1电池 x1电源适配器 x1电源线 x1说明书 x1保修卡 x1使用指南 x11Razer（雷蛇）贴纸 x1,NULL,附带软件,NULL,NULL,16:9,耳机/麦克风二合一接口,NULL,支持，蓝牙4.0模块,NULL,NULL,阵列式麦克风,NULL,NULL,NULL,集成200万像素摄像头,NULL,对保修范围内的产品故障，以修理为解决原则。在可行的情况下，我们可能会尝试通过网络、电话或其他远程帮助方式来诊断和解决您的产品故障。产品及部件的相应保修期按相关《产品保修信息》执行。保修期自产品首次购买日起算，购买日以购买产品的发票日期为准。如无有效发票，则保修期将自产品出厂日起算。产品发票日期晚于产品实际交付日的，保修期自产品实际交付日起算。进入官网>>,17.3英寸,NULL,NULL,视具体使用环境而定,HDMI,NULL,NULL,NULL,不支持触控,NULL,背光键盘，Razer 防冲突键盘,RJ45（网络接口），电源接口
Razer Blade Pro 2015版（256GB+500GB）,Blade Pro 2015版系列,http://detail.zol.com.cn/notebook/index401750.shtml,https://2e.zol-img.com.cn/product/153_80x60/464/cemdYB0h38sQ.jpg,1.36万,[无货],8026,Intel 酷睿i7 4720HQ,英特尔 酷睿i7 4代系列,2.6GHz,3.6GHz,四核心/八线程,6MB,DMI 5 GT/s,Haswell,22nm,47W,16GB（8GB×2）,DDR3 1600MHz,NULL,256GB+500GB,混合硬盘（SSD+HDD）,2111,双显卡（发烧级独立显卡＋集成显卡）,NVIDIA GeForce GTX 960M＋Intel GMA HD 4600,2GB,GDDR5,128bit,镁铝合金,NULL,NULL,聚合物电池,NULL,22.4mm,FHD，LED背光,Intel 7260 AC，支持802.11a/b/g/n无线协议,立体声扬声器,1920x1080,2015年05月,227mm,NULL,NULL,家用,3×USB3.0（其中一个具有Powershare供电功能）,427mm,2.97Kg,安全锁孔,400-0808-769,法定节假日休息,NULL,100V-240V 150W 自适应交流电源适配器,整机（含随机电池）免费保修1年,杜比家庭影院 v4,无内置光驱,NULL,NULL,1000Mbps以太网卡,Intel HM87,NULL,游戏本，影音娱乐本,预装Windows 8.1,NULL,1年,黑色,NULL,NULL,Razer Switchblade用户界面,全国联保，享受三包服务,笔记本主机 x1电池 x1电源适配器 x1电源线 x1说明书 x1保修卡 x1使用指南 x11Razer（雷蛇）贴纸 x1,NULL,附带软件,NULL,NULL,16:9,耳机/麦克风二合一接口,NULL,支持，蓝牙4.0模块,NULL,NULL,内置麦克风,NULL,NULL,NULL,集成200万像素摄像头,NULL,对保修范围内的产品故障，以修理为解决原则。在可行的情况下，我们可能会尝试通过网络、电话或其他远程帮助方式来诊断和解决您的产品故障。产品及部件的相应保修期按相关《产品保修信息》执行。保修期自产品首次购买日起算，购买日以购买产品的发票日期为准。如无有效发票，则保修期将自产品出厂日起算。产品发票日期晚于产品实际交付日的，保修期自产品实际交付日起算。进入官网>>,17.3英寸,NULL,NULL,视具体使用环境而定,HDMI,NULL,NULL,NULL,不支持触控,NULL,背光键盘，Razer 防冲突键盘,RJ45（网络接口），电源接口
Razer Blade Pro 2015版（512GB+1TB）,Blade Pro 2015版系列,http://detail.zol.com.cn/notebook/index1141191.shtml,https://2a.zol-img.com.cn/product/171_80x60/628/ceYGq4OADQg6.jpg,2.3万,[无货],8026,Intel 酷睿i7 4720HQ,英特尔 酷睿i7 4代系列,2.6GHz,3.6GHz,四核心/八线程,6MB,DMI 5 GT/s,Haswell,22nm,47W,16GB（8GB×2）,DDR3L（低电压版）1600MHz,NULL,512GB+1TB,混合硬盘（SSD+HDD）,2111,发烧级独立显卡,NVIDIA GeForce GTX 960M,2GB,GDDR5,128bit,镁铝合金,NULL,NULL,锂离子聚合物电池,NULL,22.4mm,FHD，LED背光,Intel 7260 AC，支持802.11a/b/g/n/ac无线协议,立体声扬声器,1920x1080,2015年05月,277mm,NULL,NULL,家用,3×USB3.0（其中一个具有Powershare供电功能）,427mm,3.07Kg,安全锁孔,400-0808-769,法定节假日休息,NULL,100V-240V 150W 自适应交流电源适配器,整机（含随机电池）免费保修1年,杜比家庭影院,无内置光驱,NULL,NULL,1000Mbps以太网卡,Intel HM87,NULL,游戏本，影音娱乐本,NULL,NULL,1年,黑色,NULL,NULL,Razer Switchblade用户界面,全国联保，享受三包服务,笔记本主机 x1电池 x1电源适配器 x1电源线 x1说明书 x1保修卡 x1使用指南 x11Razer（雷蛇）贴纸 x1,NULL,附带软件,NULL,NULL,16:9,耳机/麦克风二合一接口,NULL,支持，蓝牙4.0模块,NULL,NULL,阵列式麦克风,NULL,NULL,NULL,集成200万像素摄像头,NULL,对保修范围内的产品故障，以修理为解决原则。在可行的情况下，我们可能会尝试通过网络、电话或其他远程帮助方式来诊断和解决您的产品故障。产品及部件的相应保修期按相关《产品保修信息》执行。保修期自产品首次购买日起算，购买日以购买产品的发票日期为准。如无有效发票，则保修期将自产品出厂日起算。产品发票日期晚于产品实际交付日的，保修期自产品实际交付日起算。进入官网>>,17.3英寸,NULL,NULL,视具体使用环境而定,HDMI,NULL,NULL,NULL,不支持触控,NULL,背光键盘，Razer 防冲突键盘,RJ45（网络接口），电源接口
Razer 灵刃潜行版（i7/128GB/2K触控屏）,Blade Stealth系列,http://detail.zol.com.cn/ultrabook/index1137179.shtml,https://2a.zol-img.com.cn/product/173_80x60/600/ceFLDwGExirtM.jpg,9399,正常,4432,Intel 酷睿i7 6500U,英特尔 酷睿i7 6代系列,2.5GHz,3.1GHz,双核心/四线程,4MB,NULL,Skylake,14nm,15W,8GB（8GB×1）,LPDDR3 1866MHz,NULL,128GB,SSD固态硬盘（PCIe M.2）,835,核芯显卡,Intel GMA HD 520,共享内存容量,无,NULL,镁铝合金,NULL,NULL,锂离子聚合物电池,NULL,13.1mm,QHD，LED背光，IGZO屏幕，170度可视角,支持802.11a/b/g/n/ac无线协议,内置立体声扬声器,2560x1440,2016年05月,206mm,NULL,NULL,家用,2×USB3.0，1×Thunderbolt 3.0接口,321mm,1.25Kg,安全锁孔，TPM 2.0,400-0808-769,法定节假日休息,NULL,100V-240V 45W 自适应交流电源适配器,整机（含随机电池）免费保修1年,杜比认证音效,无内置光驱,NULL,NULL,1000Mbps以太网卡,NULL,NULL,游戏本，影音娱乐本，Ultrabook笔记本，时尚轻薄本,预装Windows 10 Home Basic 64bit（64位家庭普通版）,NULL,1年,黑色,NULL,NULL,触摸板,全国联保，享受三包服务,笔记本主机 x1电源适配器 x1电源线 x1说明书 x1保修卡 x1使用指南 x11Razer（雷蛇）贴纸 x1,NULL,附带软件,NULL,NULL,16:9,耳机/麦克风二合一接口,NULL,支持，蓝牙4.1模块,NULL,NULL,阵列式麦克风,NULL,NULL,NULL,集成200万像素摄像头,NULL,对保修范围内的产品故障，以修理为解决原则。在可行的情况下，我们可能会尝试通过网络、电话或其他远程帮助方式来诊断和解决您的产品故障。产品及部件的相应保修期按相关《产品保修信息》执行。保修期自产品首次购买日起算，购买日以购买产品的发票日期为准。如无有效发票，则保修期将自产品出厂日起算。产品发票日期晚于产品实际交付日的，保修期自产品实际交付日起算。进入官网>>,12.5英寸,NULL,16GB,视具体使用环境而定,HDMI,NULL,NULL,NULL,支持十点触控,NULL,背光键盘，Chroma幻彩防按键冲突键盘,电源接口
Razer 灵刃潜行版（i5/128GB/2K屏）,Blade Stealth系列,http://detail.zol.com.cn/ultrabook/index1147779.shtml,https://2a.zol-img.com.cn/product/174_80x60/580/ceebPWLNDbDXE.jpg,5999,正常,4009,Intel 酷睿i5 6200U,英特尔 酷睿i5 6代系列,2.3GHz,2.8GHz,双核心/四线程,3MB,NULL,Skylake,14nm,15W,4GB（4GB×1）,LPDDR3 1866MHz,NULL,128GB,SSD固态硬盘（PCIe M.2）,835,核芯显卡,Intel GMA HD 520,共享内存容量,无,NULL,镁铝合金,NULL,NULL,锂离子聚合物电池,NULL,13.1mm,QHD，LED背光，IGZO屏幕，170度可视角,支持802.11a/b/g/n/ac无线协议,内置立体声扬声器,2560x1440,2016年06月,206mm,NULL,NULL,家用,2×USB3.0，1×Thunderbolt 3.0接口,321mm,1.25Kg,安全锁孔，TPM 2.0,400-0808-769,法定节假日休息,NULL,100V-240V 45W 自适应交流电源适配器,整机（含随机电池）免费保修1年,杜比认证音效,无内置光驱,NULL,NULL,1000Mbps以太网卡,NULL,NULL,游戏本，影音娱乐本，Ultrabook笔记本，时尚轻薄本,预装Windows 10 Home Basic 64bit（64位家庭普通版）,NULL,1年,黑色,NULL,NULL,触摸板,全国联保，享受三包服务,笔记本主机 x1电源适配器 x1电源线 x1说明书 x1保修卡 x1使用指南 x11Razer（雷蛇）贴纸 x1,NULL,附带软件,NULL,NULL,16:9,耳机/麦克风二合一接口,NULL,支持，蓝牙4.1模块,NULL,NULL,阵列式麦克风,NULL,NULL,NULL,集成200万像素摄像头,NULL,对保修范围内的产品故障，以修理为解决原则。在可行的情况下，我们可能会尝试通过网络、电话或其他远程帮助方式来诊断和解决您的产品故障。产品及部件的相应保修期按相关《产品保修信息》执行。保修期自产品首次购买日起算，购买日以购买产品的发票日期为准。如无有效发票，则保修期将自产品出厂日起算。产品发票日期晚于产品实际交付日的，保修期自产品实际交付日起算。进入官网>>,12.5英寸,NULL,16GB,视具体使用环境而定,HDMI,NULL,NULL,NULL,不支持触控,NULL,背光键盘，Chroma幻彩防按键冲突键盘,电源接口
Razer 灵刃潜行版（i7/512GB/4K触控屏）,Blade Stealth系列,http://detail.zol.com.cn/ultrabook/index1144965.shtml,https://2e.zol-img.com.cn/product/173_80x60/610/ceyouJL0d7VQ2.jpg,1.37万,正常,4432,Intel 酷睿i7 6500U,英特尔 酷睿i7 6代系列,2.5GHz,3.1GHz,双核心/四线程,4MB,NULL,Skylake,14nm,15W,8GB（8GB×1）,LPDDR3 1866MHz,NULL,512GB,SSD固态硬盘（PCIe M.2）,835,核芯显卡,Intel GMA HD 520,共享内存容量,无,NULL,镁铝合金,NULL,NULL,锂离子聚合物电池,NULL,13.1mm,UHD，LED背光，IGZO屏幕，170度可视角,支持802.11a/b/g/n/ac无线协议,内置立体声扬声器,3840x2160,2016年05月,206mm,NULL,NULL,家用,2×USB3.0，1×Thunderbolt 3.0接口,321mm,1.25Kg,安全锁孔，TPM 2.0,400-0808-769,法定节假日休息,NULL,100V-240V 45W 自适应交流电源适配器,整机（含随机电池）免费保修1年,杜比认证音效,无内置光驱,NULL,NULL,1000Mbps以太网卡,NULL,NULL,游戏本，影音娱乐本，Ultrabook笔记本，时尚轻薄本,预装Windows 10 Home Basic 64bit（64位家庭普通版）,NULL,1年,黑色,NULL,NULL,触摸板,全国联保，享受三包服务,笔记本主机 x1电源适配器 x1电源线 x1说明书 x1保修卡 x1使用指南 x11Razer（雷蛇）贴纸 x1,NULL,附带软件,NULL,NULL,16:9,耳机/麦克风二合一接口,NULL,支持，蓝牙4.1模块,NULL,NULL,阵列式麦克风,NULL,NULL,NULL,集成200万像素摄像头,NULL,对保修范围内的产品故障，以修理为解决原则。在可行的情况下，我们可能会尝试通过网络、电话或其他远程帮助方式来诊断和解决您的产品故障。产品及部件的相应保修期按相关《产品保修信息》执行。保修期自产品首次购买日起算，购买日以购买产品的发票日期为准。如无有效发票，则保修期将自产品出厂日起算。产品发票日期晚于产品实际交付日的，保修期自产品实际交付日起算。进入官网>>,12.5英寸,NULL,16GB,视具体使用环境而定,HDMI,NULL,NULL,NULL,支持十点触控,NULL,背光键盘，Chroma幻彩防按键冲突键盘,电源接口
Razer 灵刃潜行版（i5/256GB/2K屏）,Blade Stealth系列,http://detail.zol.com.cn/ultrabook/index1173623.shtml,https://2f.zol-img.com.cn/product/183_80x60/267/ceH2yc40qQ9A.jpg,7499,正常,4009,Intel 酷睿i5 6200U,英特尔 酷睿i5 6代系列,2.3GHz,2.8GHz,双核心/四线程,3MB,NULL,Skylake,14nm,15W,4GB（4GB×1）,LPDDR3 1866MHz,NULL,256GB,SSD固态硬盘（PCIe M.2）,835,核芯显卡,Intel GMA HD 520,共享内存容量,无,NULL,镁铝合金,NULL,NULL,锂离子聚合物电池,NULL,13.1mm,QHD，LED背光，IGZO屏幕，170度可视角,支持802.11a/b/g/n/ac无线协议,内置立体声扬声器,2560x1440,2016年06月,206mm,NULL,NULL,家用,2×USB3.0，1×Thunderbolt 3.0接口,321mm,1.25Kg,安全锁孔，TPM 2.0,400-0808-769,法定节假日休息,NULL,100V-240V 45W 自适应交流电源适配器,整机（含随机电池）免费保修1年,杜比认证音效,无内置光驱,NULL,NULL,1000Mbps以太网卡,NULL,NULL,游戏本，影音娱乐本，Ultrabook笔记本，时尚轻薄本,预装Windows 10 Home Basic 64bit（64位家庭普通版）,NULL,1年,黑色,NULL,NULL,触摸板,全国联保，享受三包服务,笔记本主机 x1电源适配器 x1电源线 x1说明书 x1保修卡 x1使用指南 x11Razer（雷蛇）贴纸 x1,NULL,附带软件,NULL,NULL,16:9,耳机/麦克风二合一接口,NULL,支持，蓝牙4.1模块,NULL,NULL,阵列式麦克风,NULL,NULL,NULL,集成200万像素摄像头,NULL,对保修范围内的产品故障，以修理为解决原则。在可行的情况下，我们可能会尝试通过网络、电话或其他远程帮助方式来诊断和解决您的产品故障。产品及部件的相应保修期按相关《产品保修信息》执行。保修期自产品首次购买日起算，购买日以购买产品的发票日期为准。如无有效发票，则保修期将自产品出厂日起算。产品发票日期晚于产品实际交付日的，保修期自产品实际交付日起算。进入官网>>,12.5英寸,NULL,16GB,视具体使用环境而定,HDMI,NULL,NULL,NULL,不支持触控,NULL,背光键盘，Chroma幻彩防按键冲突键盘,电源接口
Razer 灵刃潜行版（i7/256GB/2K触控屏）,Blade Stealth系列,http://detail.zol.com.cn/ultrabook/index1144958.shtml,https://2b.zol-img.com.cn/product/173_80x60/595/ceQSAC8P6nUUs.jpg,9399,正常,4432,Intel 酷睿i7 6500U,英特尔 酷睿i7 6代系列,2.5GHz,3.1GHz,双核心/四线程,4MB,NULL,Skylake,14nm,15W,8GB（8GB×1）,LPDDR3 1866MHz,NULL,256GB,SSD固态硬盘（PCIe M.2）,835,核芯显卡,Intel GMA HD 520,共享内存容量,无,NULL,镁铝合金,NULL,NULL,锂离子聚合物电池,NULL,13.1mm,QHD，LED背光，IGZO屏幕，170度可视角,支持802.11a/b/g/n/ac无线协议,内置立体声扬声器,2560x1440,2016年05月,206mm,NULL,NULL,家用,2×USB3.0，1×Thunderbolt 3.0接口,321mm,1.25Kg,安全锁孔，TPM 2.0,400-0808-769,法定节假日休息,NULL,100V-240V 45W 自适应交流电源适配器,整机（含随机电池）免费保修1年,杜比认证音效,无内置光驱,NULL,NULL,1000Mbps以太网卡,NULL,NULL,游戏本，影音娱乐本，Ultrabook笔记本，时尚轻薄本,预装Windows 10 Home Basic 64bit（64位家庭普通版）,NULL,1年,黑色,NULL,NULL,触摸板,全国联保，享受三包服务,笔记本主机 x1电源适配器 x1电源线 x1说明书 x1保修卡 x1使用指南 x11Razer（雷蛇）贴纸 x1,NULL,附带软件,NULL,NULL,16:9,耳机/麦克风二合一接口,NULL,支持，蓝牙4.1模块,NULL,NULL,阵列式麦克风,NULL,NULL,NULL,集成200万像素摄像头,NULL,对保修范围内的产品故障，以修理为解决原则。在可行的情况下，我们可能会尝试通过网络、电话或其他远程帮助方式来诊断和解决您的产品故障。产品及部件的相应保修期按相关《产品保修信息》执行。保修期自产品首次购买日起算，购买日以购买产品的发票日期为准。如无有效发票，则保修期将自产品出厂日起算。产品发票日期晚于产品实际交付日的，保修期自产品实际交付日起算。进入官网>>,12.5英寸,NULL,16GB,视具体使用环境而定,HDMI,NULL,NULL,NULL,支持十点触控,NULL,背光键盘，Chroma幻彩防按键冲突键盘,电源接口
Razer 灵刃潜行版（i7/256GB/4K触控屏）,Blade Stealth系列,http://detail.zol.com.cn/ultrabook/index1144959.shtml,https://2d.zol-img.com.cn/product/173_80x60/609/ce5bb4fwOzSk.jpg,1.2万,正常,4432,Intel 酷睿i7 6500U,英特尔 酷睿i7 6代系列,2.5GHz,3.1GHz,双核心/四线程,4MB,NULL,Skylake,14nm,15W,8GB（8GB×1）,LPDDR3 1866MHz,NULL,256GB,SSD固态硬盘（PCIe M.2）,835,核芯显卡,Intel GMA HD 520,共享内存容量,无,NULL,镁铝合金,NULL,NULL,锂离子聚合物电池,NULL,13.1mm,UHD，LED背光，IGZO屏幕，170度可视角,支持802.11a/b/g/n/ac无线协议,内置立体声扬声器,3840x2160,2016年05月,206mm,NULL,NULL,家用,2×USB3.0，1×Thunderbolt 3.0接口,321mm,1.25Kg,安全锁孔，TPM 2.0,400-0808-769,法定节假日休息,NULL,100V-240V 45W 自适应交流电源适配器,整机（含随机电池）免费保修1年,杜比认证音效,无内置光驱,NULL,NULL,1000Mbps以太网卡,NULL,NULL,游戏本，影音娱乐本，Ultrabook笔记本，时尚轻薄本,预装Windows 10 Home Basic 64bit（64位家庭普通版）,NULL,1年,黑色,NULL,NULL,触摸板,全国联保，享受三包服务,笔记本主机 x1电源适配器 x1电源线 x1说明书 x1保修卡 x1使用指南 x11Razer（雷蛇）贴纸 x1,NULL,附带软件,NULL,NULL,16:9,耳机/麦克风二合一接口,NULL,支持，蓝牙4.1模块,NULL,NULL,阵列式麦克风,NULL,NULL,NULL,集成200万像素摄像头,NULL,对保修范围内的产品故障，以修理为解决原则。在可行的情况下，我们可能会尝试通过网络、电话或其他远程帮助方式来诊断和解决您的产品故障。产品及部件的相应保修期按相关《产品保修信息》执行。保修期自产品首次购买日起算，购买日以购买产品的发票日期为准。如无有效发票，则保修期将自产品出厂日起算。产品发票日期晚于产品实际交付日的，保修期自产品实际交付日起算。进入官网>>,12.5英寸,NULL,16GB,视具体使用环境而定,HDMI,NULL,NULL,NULL,支持十点触控,NULL,背光键盘，Chroma幻彩防按键冲突键盘,电源接口
Razer 灵刃潜行版（i7 7500U/16GB/512GB/4K触摸屏）,灵刃潜行版系列,http://detail.zol.com.cn/ultrabook/index1168162.shtml,https://2a.zol-img.com.cn/product/181_80x60/824/ceg9V9TPYpYbQ.jpg,1.4万,正常,5217,Intel 酷睿i7 7500U,英特尔 酷睿i7 7代系列,2.7GHz,3.5GHz,双核心/四线程,4MB,NULL,Kaby Lake,14nm,15W,16GB（8GB×2）,LPDDR3 1866MHz,NULL,512GB,SSD固态硬盘（PCIe M.2）,936,核芯显卡,Intel GMA HD 620,共享内存容量,无,NULL,镁铝合金,NULL,NULL,聚合物电池，53.6瓦时,NULL,13.1mm,QHD，LED背光，IGZO屏幕，170度可视角,支持802.11a/b/g/n/ac无线协议,内置扬声器,3840x2160,2017年03月,206mm,NULL,NULL,家用,2×USB3.0，1×Thunderbolt 3.0接口,321mm,1.29Kg,安全锁孔，TPM 2.0,400-0808-769,法定节假日休息,NULL,100V-240V 自适应交流电源适配器,整机（含随机电池）免费保修1年,内置音效芯片,无内置光驱,NULL,NULL,1000Mbps以太网卡,NULL,NULL,游戏本，影音娱乐本，Ultrabook笔记本，时尚轻薄本,预装Windows 10 Home Basic 64bit（64位家庭普通版）,NULL,1年,黑色,NULL,NULL,触摸板,全国联保，享受三包服务,笔记本主机 x1电源适配器 x1电源线 x1说明书 x1保修卡 x1使用指南 x11Razer（雷蛇）贴纸 x1,NULL,附带软件,NULL,NULL,16:9,耳机/麦克风二合一接口,NULL,支持，蓝牙4.1模块,NULL,NULL,内置麦克风,NULL,NULL,NULL,集成200万像素摄像头,NULL,对保修范围内的产品故障，以修理为解决原则。在可行的情况下，我们可能会尝试通过网络、电话或其他远程帮助方式来诊断和解决您的产品故障。产品及部件的相应保修期按相关《产品保修信息》执行。保修期自产品首次购买日起算，购买日以购买产品的发票日期为准。如无有效发票，则保修期将自产品出厂日起算。产品发票日期晚于产品实际交付日的，保修期自产品实际交付日起算。进入官网>>,12.5英寸,NULL,16GB,9小时左右，视具体使用环境而定,HDMI,NULL,NULL,NULL,支持触控,NULL,背光键盘，Chroma幻彩键盘,电源接口
Razer 灵刃潜行版（i7 7500U/16GB/256GB/4K触摸屏）,灵刃潜行版系列,http://detail.zol.com.cn/ultrabook/index1168173.shtml,https://2f.zol-img.com.cn/product/181_80x60/901/ce1BSsxZy9aw.jpg,1.2万,正常,5217,Intel 酷睿i7 7500U,英特尔 酷睿i7 7代系列,2.7GHz,3.5GHz,双核心/四线程,4MB,NULL,Kaby Lake,14nm,15W,16GB（8GB×2）,LPDDR3 1866MHz,NULL,256GB,SSD固态硬盘（PCIe M.2）,936,核芯显卡,Intel GMA HD 620,共享内存容量,无,NULL,镁铝合金,NULL,NULL,聚合物电池，53.6瓦时,NULL,13.1mm,QHD，LED背光，IGZO屏幕，170度可视角,支持802.11a/b/g/n/ac无线协议,内置扬声器,3840x2160,2017年03月,206mm,NULL,NULL,家用,2×USB3.0，1×Thunderbolt 3.0接口,321mm,1.29Kg,安全锁孔，TPM 2.0,400-0808-769,法定节假日休息,NULL,100V-240V 自适应交流电源适配器,整机（含随机电池）免费保修1年,内置音效芯片,无内置光驱,NULL,NULL,1000Mbps以太网卡,NULL,NULL,游戏本，影音娱乐本，Ultrabook笔记本，时尚轻薄本,预装Windows 10 Home Basic 64bit（64位家庭普通版）,NULL,1年,黑色,NULL,NULL,触摸板,全国联保，享受三包服务,笔记本主机 x1电源适配器 x1电源线 x1说明书 x1保修卡 x1使用指南 x11Razer（雷蛇）贴纸 x1,NULL,附带软件,NULL,NULL,16:9,耳机/麦克风二合一接口,NULL,支持，蓝牙4.1模块,NULL,NULL,内置麦克风,NULL,NULL,NULL,集成200万像素摄像头,NULL,对保修范围内的产品故障，以修理为解决原则。在可行的情况下，我们可能会尝试通过网络、电话或其他远程帮助方式来诊断和解决您的产品故障。产品及部件的相应保修期按相关《产品保修信息》执行。保修期自产品首次购买日起算，购买日以购买产品的发票日期为准。如无有效发票，则保修期将自产品出厂日起算。产品发票日期晚于产品实际交付日的，保修期自产品实际交付日起算。进入官网>>,12.5英寸,NULL,16GB,9小时左右，视具体使用环境而定,HDMI,NULL,NULL,NULL,支持触控,NULL,背光键盘，Chroma幻彩键盘,电源接口
Razer 灵刃潜行版（i5 7200U/8GB/128GB/4K触摸屏）,灵刃潜行版系列,http://detail.zol.com.cn/ultrabook/index1168175.shtml,https://2e.zol-img.com.cn/product/181_80x60/930/cet229MFUJJPY.jpg,9399,正常,4661,Intel 酷睿i5 7200U,英特尔 酷睿i5 7代系列,2.5GHz,3.1GHz,双核心/四线程,3MB,NULL,Kaby Lake,14nm,15W,8GB（8GB×1）,LPDDR3 1866MHz,NULL,128GB,SSD固态硬盘（PCIe M.2）,936,核芯显卡,Intel GMA HD 620,共享内存容量,无,NULL,镁铝合金,NULL,NULL,聚合物电池，53.6瓦时,NULL,13.1mm,QHD，LED背光，IGZO屏幕，170度可视角,支持802.11a/b/g/n/ac无线协议,内置扬声器,3840x2160,2017年03月,206mm,NULL,NULL,家用,2×USB3.0，1×Thunderbolt 3.0接口,321mm,1.29Kg,安全锁孔，TPM 2.0,400-0808-769,法定节假日休息,NULL,100V-240V 自适应交流电源适配器,整机（含随机电池）免费保修1年,内置音效芯片,无内置光驱,NULL,NULL,1000Mbps以太网卡,NULL,NULL,游戏本，影音娱乐本，Ultrabook笔记本，时尚轻薄本,预装Windows 10 Home Basic 64bit（64位家庭普通版）,NULL,1年,黑色,NULL,NULL,触摸板,全国联保，享受三包服务,笔记本主机 x1电源适配器 x1电源线 x1说明书 x1保修卡 x1使用指南 x11Razer（雷蛇）贴纸 x1,NULL,附带软件,NULL,NULL,16:9,耳机/麦克风二合一接口,NULL,支持，蓝牙4.1模块,NULL,NULL,内置麦克风,NULL,NULL,NULL,集成200万像素摄像头,NULL,对保修范围内的产品故障，以修理为解决原则。在可行的情况下，我们可能会尝试通过网络、电话或其他远程帮助方式来诊断和解决您的产品故障。产品及部件的相应保修期按相关《产品保修信息》执行。保修期自产品首次购买日起算，购买日以购买产品的发票日期为准。如无有效发票，则保修期将自产品出厂日起算。产品发票日期晚于产品实际交付日的，保修期自产品实际交付日起算。进入官网>>,12.5英寸,NULL,16GB,9小时左右，视具体使用环境而定,HDMI,NULL,NULL,NULL,支持触控,NULL,背光键盘，Chroma幻彩键盘,电源接口
Razer 灵刃潜行版（i7 7500U/16GB/256GB/2K触摸屏）,灵刃潜行版系列,http://detail.zol.com.cn/ultrabook/index1168171.shtml,https://2f.zol-img.com.cn/product/181_80x60/865/ceaY6bCTqrR6E.jpg,1.09万,正常,5217,Intel 酷睿i7 7500U,英特尔 酷睿i7 7代系列,2.7GHz,3.5GHz,双核心/四线程,4MB,NULL,Kaby Lake,14nm,15W,16GB（8GB×2）,LPDDR3 1866MHz,NULL,256GB,SSD固态硬盘（PCIe M.2）,936,核芯显卡,Intel GMA HD 620,共享内存容量,无,NULL,镁铝合金,NULL,NULL,聚合物电池，53.6瓦时,NULL,13.1mm,QHD，LED背光，IGZO屏幕，170度可视角,支持802.11a/b/g/n/ac无线协议,内置扬声器,2560x1440,2017年03月,206mm,NULL,NULL,家用,2×USB3.0，1×Thunderbolt 3.0接口,321mm,1.29Kg,安全锁孔，TPM 2.0,400-0808-769,法定节假日休息,NULL,100V-240V 自适应交流电源适配器,整机（含随机电池）免费保修1年,内置音效芯片,无内置光驱,NULL,NULL,1000Mbps以太网卡,NULL,NULL,游戏本，影音娱乐本，Ultrabook笔记本，时尚轻薄本,预装Windows 10 Home Basic 64bit（64位家庭普通版）,NULL,1年,黑色,NULL,NULL,触摸板,全国联保，享受三包服务,笔记本主机 x1电源适配器 x1电源线 x1说明书 x1保修卡 x1使用指南 x11Razer（雷蛇）贴纸 x1,NULL,附带软件,NULL,NULL,16:9,耳机/麦克风二合一接口,NULL,支持，蓝牙4.1模块,NULL,NULL,内置麦克风,NULL,NULL,NULL,集成200万像素摄像头,NULL,对保修范围内的产品故障，以修理为解决原则。在可行的情况下，我们可能会尝试通过网络、电话或其他远程帮助方式来诊断和解决您的产品故障。产品及部件的相应保修期按相关《产品保修信息》执行。保修期自产品首次购买日起算，购买日以购买产品的发票日期为准。如无有效发票，则保修期将自产品出厂日起算。产品发票日期晚于产品实际交付日的，保修期自产品实际交付日起算。进入官网>>,12.5英寸,NULL,16GB,9小时左右，视具体使用环境而定,HDMI,NULL,NULL,NULL,支持触控,NULL,背光键盘，Chroma幻彩键盘,电源接口
Razer 灵刃潜行版（i7 7500U/16GB/512GB/2K触摸屏）,灵刃潜行版系列,http://detail.zol.com.cn/ultrabook/index1168167.shtml,https://2f.zol-img.com.cn/product/181_80x60/853/ceuizBV3NMnA.jpg,1.2万,正常,5217,Intel 酷睿i7 7500U,英特尔 酷睿i7 7代系列,2.7GHz,3.5GHz,双核心/四线程,4MB,NULL,Kaby Lake,14nm,15W,16GB（8GB×2）,LPDDR3 1866MHz,NULL,512GB,SSD固态硬盘（PCIe M.2）,936,核芯显卡,Intel GMA HD 620,共享内存容量,无,NULL,镁铝合金,NULL,NULL,聚合物电池，53.6瓦时,NULL,13.1mm,QHD，LED背光，IGZO屏幕，170度可视角,支持802.11a/b/g/n/ac无线协议,内置扬声器,2560x1440,2017年03月,206mm,NULL,NULL,家用,2×USB3.0，1×Thunderbolt 3.0接口,321mm,1.29Kg,安全锁孔，TPM 2.0,400-0808-769,法定节假日休息,NULL,100V-240V 自适应交流电源适配器,整机（含随机电池）免费保修1年,内置音效芯片,无内置光驱,NULL,NULL,1000Mbps以太网卡,NULL,NULL,游戏本，影音娱乐本，Ultrabook笔记本，时尚轻薄本,预装Windows 10 Home Basic 64bit（64位家庭普通版）,NULL,1年,黑色,NULL,NULL,触摸板,全国联保，享受三包服务,笔记本主机 x1电源适配器 x1电源线 x1说明书 x1保修卡 x1使用指南 x11Razer（雷蛇）贴纸 x1,NULL,附带软件,NULL,NULL,16:9,耳机/麦克风二合一接口,NULL,支持，蓝牙4.1模块,NULL,NULL,内置麦克风,NULL,NULL,NULL,集成200万像素摄像头,NULL,对保修范围内的产品故障，以修理为解决原则。在可行的情况下，我们可能会尝试通过网络、电话或其他远程帮助方式来诊断和解决您的产品故障。产品及部件的相应保修期按相关《产品保修信息》执行。保修期自产品首次购买日起算，购买日以购买产品的发票日期为准。如无有效发票，则保修期将自产品出厂日起算。产品发票日期晚于产品实际交付日的，保修期自产品实际交付日起算。进入官网>>,12.5英寸,NULL,16GB,9小时左右，视具体使用环境而定,HDMI,NULL,NULL,NULL,支持触控,NULL,背光键盘，Chroma幻彩键盘,电源接口
Razer 灵刃潜行版（i7/128GB/2K触控屏）,Blade Stealth系列,http://detail.zol.com.cn/ultrabook/index1137179.shtml,https://2a.zol-img.com.cn/product/173_80x60/600/ceFLDwGExirtM.jpg,9399,正常,4432,Intel 酷睿i7 6500U,英特尔 酷睿i7 6代系列,2.5GHz,3.1GHz,双核心/四线程,4MB,NULL,Skylake,14nm,15W,8GB（8GB×1）,LPDDR3 1866MHz,NULL,128GB,SSD固态硬盘（PCIe M.2）,835,核芯显卡,Intel GMA HD 520,共享内存容量,无,NULL,镁铝合金,NULL,NULL,锂离子聚合物电池,NULL,13.1mm,QHD，LED背光，IGZO屏幕，170度可视角,支持802.11a/b/g/n/ac无线协议,内置立体声扬声器,2560x1440,2016年05月,206mm,NULL,NULL,家用,2×USB3.0，1×Thunderbolt 3.0接口,321mm,1.25Kg,安全锁孔，TPM 2.0,400-0808-769,法定节假日休息,NULL,100V-240V 45W 自适应交流电源适配器,整机（含随机电池）免费保修1年,杜比认证音效,无内置光驱,NULL,NULL,1000Mbps以太网卡,NULL,NULL,游戏本，影音娱乐本，Ultrabook笔记本，时尚轻薄本,预装Windows 10 Home Basic 64bit（64位家庭普通版）,NULL,1年,黑色,NULL,NULL,触摸板,全国联保，享受三包服务,笔记本主机 x1电源适配器 x1电源线 x1说明书 x1保修卡 x1使用指南 x11Razer（雷蛇）贴纸 x1,NULL,附带软件,NULL,NULL,16:9,耳机/麦克风二合一接口,NULL,支持，蓝牙4.1模块,NULL,NULL,阵列式麦克风,NULL,NULL,NULL,集成200万像素摄像头,NULL,对保修范围内的产品故障，以修理为解决原则。在可行的情况下，我们可能会尝试通过网络、电话或其他远程帮助方式来诊断和解决您的产品故障。产品及部件的相应保修期按相关《产品保修信息》执行。保修期自产品首次购买日起算，购买日以购买产品的发票日期为准。如无有效发票，则保修期将自产品出厂日起算。产品发票日期晚于产品实际交付日的，保修期自产品实际交付日起算。进入官网>>,12.5英寸,NULL,16GB,视具体使用环境而定,HDMI,NULL,NULL,NULL,支持十点触控,NULL,背光键盘，Chroma幻彩防按键冲突键盘,电源接口
Razer 灵刃潜行版（i5/128GB/2K屏）,Blade Stealth系列,http://detail.zol.com.cn/ultrabook/index1147779.shtml,https://2a.zol-img.com.cn/product/174_80x60/580/ceebPWLNDbDXE.jpg,5999,正常,4009,Intel 酷睿i5 6200U,英特尔 酷睿i5 6代系列,2.3GHz,2.8GHz,双核心/四线程,3MB,NULL,Skylake,14nm,15W,4GB（4GB×1）,LPDDR3 1866MHz,NULL,128GB,SSD固态硬盘（PCIe M.2）,835,核芯显卡,Intel GMA HD 520,共享内存容量,无,NULL,镁铝合金,NULL,NULL,锂离子聚合物电池,NULL,13.1mm,QHD，LED背光，IGZO屏幕，170度可视角,支持802.11a/b/g/n/ac无线协议,内置立体声扬声器,2560x1440,2016年06月,206mm,NULL,NULL,家用,2×USB3.0，1×Thunderbolt 3.0接口,321mm,1.25Kg,安全锁孔，TPM 2.0,400-0808-769,法定节假日休息,NULL,100V-240V 45W 自适应交流电源适配器,整机（含随机电池）免费保修1年,杜比认证音效,无内置光驱,NULL,NULL,1000Mbps以太网卡,NULL,NULL,游戏本，影音娱乐本，Ultrabook笔记本，时尚轻薄本,预装Windows 10 Home Basic 64bit（64位家庭普通版）,NULL,1年,黑色,NULL,NULL,触摸板,全国联保，享受三包服务,笔记本主机 x1电源适配器 x1电源线 x1说明书 x1保修卡 x1使用指南 x11Razer（雷蛇）贴纸 x1,NULL,附带软件,NULL,NULL,16:9,耳机/麦克风二合一接口,NULL,支持，蓝牙4.1模块,NULL,NULL,阵列式麦克风,NULL,NULL,NULL,集成200万像素摄像头,NULL,对保修范围内的产品故障，以修理为解决原则。在可行的情况下，我们可能会尝试通过网络、电话或其他远程帮助方式来诊断和解决您的产品故障。产品及部件的相应保修期按相关《产品保修信息》执行。保修期自产品首次购买日起算，购买日以购买产品的发票日期为准。如无有效发票，则保修期将自产品出厂日起算。产品发票日期晚于产品实际交付日的，保修期自产品实际交付日起算。进入官网>>,12.5英寸,NULL,16GB,视具体使用环境而定,HDMI,NULL,NULL,NULL,不支持触控,NULL,背光键盘，Chroma幻彩防按键冲突键盘,电源接口
Razer 灵刃潜行版（i7/512GB/4K触控屏）,Blade Stealth系列,http://detail.zol.com.cn/ultrabook/index1144965.shtml,https://2e.zol-img.com.cn/product/173_80x60/610/ceyouJL0d7VQ2.jpg,1.37万,正常,4432,Intel 酷睿i7 6500U,英特尔 酷睿i7 6代系列,2.5GHz,3.1GHz,双核心/四线程,4MB,NULL,Skylake,14nm,15W,8GB（8GB×1）,LPDDR3 1866MHz,NULL,512GB,SSD固态硬盘（PCIe M.2）,835,核芯显卡,Intel GMA HD 520,共享内存容量,无,NULL,镁铝合金,NULL,NULL,锂离子聚合物电池,NULL,13.1mm,UHD，LED背光，IGZO屏幕，170度可视角,支持802.11a/b/g/n/ac无线协议,内置立体声扬声器,3840x2160,2016年05月,206mm,NULL,NULL,家用,2×USB3.0，1×Thunderbolt 3.0接口,321mm,1.25Kg,安全锁孔，TPM 2.0,400-0808-769,法定节假日休息,NULL,100V-240V 45W 自适应交流电源适配器,整机（含随机电池）免费保修1年,杜比认证音效,无内置光驱,NULL,NULL,1000Mbps以太网卡,NULL,NULL,游戏本，影音娱乐本，Ultrabook笔记本，时尚轻薄本,预装Windows 10 Home Basic 64bit（64位家庭普通版）,NULL,1年,黑色,NULL,NULL,触摸板,全国联保，享受三包服务,笔记本主机 x1电源适配器 x1电源线 x1说明书 x1保修卡 x1使用指南 x11Razer（雷蛇）贴纸 x1,NULL,附带软件,NULL,NULL,16:9,耳机/麦克风二合一接口,NULL,支持，蓝牙4.1模块,NULL,NULL,阵列式麦克风,NULL,NULL,NULL,集成200万像素摄像头,NULL,对保修范围内的产品故障，以修理为解决原则。在可行的情况下，我们可能会尝试通过网络、电话或其他远程帮助方式来诊断和解决您的产品故障。产品及部件的相应保修期按相关《产品保修信息》执行。保修期自产品首次购买日起算，购买日以购买产品的发票日期为准。如无有效发票，则保修期将自产品出厂日起算。产品发票日期晚于产品实际交付日的，保修期自产品实际交付日起算。进入官网>>,12.5英寸,NULL,16GB,视具体使用环境而定,HDMI,NULL,NULL,NULL,支持十点触控,NULL,背光键盘，Chroma幻彩防按键冲突键盘,电源接口
Razer 灵刃潜行版（i5/256GB/2K屏）,Blade Stealth系列,http://detail.zol.com.cn/ultrabook/index1173623.shtml,https://2f.zol-img.com.cn/product/183_80x60/267/ceH2yc40qQ9A.jpg,7499,正常,4009,Intel 酷睿i5 6200U,英特尔 酷睿i5 6代系列,2.3GHz,2.8GHz,双核心/四线程,3MB,NULL,Skylake,14nm,15W,4GB（4GB×1）,LPDDR3 1866MHz,NULL,256GB,SSD固态硬盘（PCIe M.2）,835,核芯显卡,Intel GMA HD 520,共享内存容量,无,NULL,镁铝合金,NULL,NULL,锂离子聚合物电池,NULL,13.1mm,QHD，LED背光，IGZO屏幕，170度可视角,支持802.11a/b/g/n/ac无线协议,内置立体声扬声器,2560x1440,2016年06月,206mm,NULL,NULL,家用,2×USB3.0，1×Thunderbolt 3.0接口,321mm,1.25Kg,安全锁孔，TPM 2.0,400-0808-769,法定节假日休息,NULL,100V-240V 45W 自适应交流电源适配器,整机（含随机电池）免费保修1年,杜比认证音效,无内置光驱,NULL,NULL,1000Mbps以太网卡,NULL,NULL,游戏本，影音娱乐本，Ultrabook笔记本，时尚轻薄本,预装Windows 10 Home Basic 64bit（64位家庭普通版）,NULL,1年,黑色,NULL,NULL,触摸板,全国联保，享受三包服务,笔记本主机 x1电源适配器 x1电源线 x1说明书 x1保修卡 x1使用指南 x11Razer（雷蛇）贴纸 x1,NULL,附带软件,NULL,NULL,16:9,耳机/麦克风二合一接口,NULL,支持，蓝牙4.1模块,NULL,NULL,阵列式麦克风,NULL,NULL,NULL,集成200万像素摄像头,NULL,对保修范围内的产品故障，以修理为解决原则。在可行的情况下，我们可能会尝试通过网络、电话或其他远程帮助方式来诊断和解决您的产品故障。产品及部件的相应保修期按相关《产品保修信息》执行。保修期自产品首次购买日起算，购买日以购买产品的发票日期为准。如无有效发票，则保修期将自产品出厂日起算。产品发票日期晚于产品实际交付日的，保修期自产品实际交付日起算。进入官网>>,12.5英寸,NULL,16GB,视具体使用环境而定,HDMI,NULL,NULL,NULL,不支持触控,NULL,背光键盘，Chroma幻彩防按键冲突键盘,电源接口
Razer 灵刃潜行版（i7/256GB/2K触控屏）,Blade Stealth系列,http://detail.zol.com.cn/ultrabook/index1144958.shtml,https://2b.zol-img.com.cn/product/173_80x60/595/ceQSAC8P6nUUs.jpg,9399,正常,4432,Intel 酷睿i7 6500U,英特尔 酷睿i7 6代系列,2.5GHz,3.1GHz,双核心/四线程,4MB,NULL,Skylake,14nm,15W,8GB（8GB×1）,LPDDR3 1866MHz,NULL,256GB,SSD固态硬盘（PCIe M.2）,835,核芯显卡,Intel GMA HD 520,共享内存容量,无,NULL,镁铝合金,NULL,NULL,锂离子聚合物电池,NULL,13.1mm,QHD，LED背光，IGZO屏幕，170度可视角,支持802.11a/b/g/n/ac无线协议,内置立体声扬声器,2560x1440,2016年05月,206mm,NULL,NULL,家用,2×USB3.0，1×Thunderbolt 3.0接口,321mm,1.25Kg,安全锁孔，TPM 2.0,400-0808-769,法定节假日休息,NULL,100V-240V 45W 自适应交流电源适配器,整机（含随机电池）免费保修1年,杜比认证音效,无内置光驱,NULL,NULL,1000Mbps以太网卡,NULL,NULL,游戏本，影音娱乐本，Ultrabook笔记本，时尚轻薄本,预装Windows 10 Home Basic 64bit（64位家庭普通版）,NULL,1年,黑色,NULL,NULL,触摸板,全国联保，享受三包服务,笔记本主机 x1电源适配器 x1电源线 x1说明书 x1保修卡 x1使用指南 x11Razer（雷蛇）贴纸 x1,NULL,附带软件,NULL,NULL,16:9,耳机/麦克风二合一接口,NULL,支持，蓝牙4.1模块,NULL,NULL,阵列式麦克风,NULL,NULL,NULL,集成200万像素摄像头,NULL,对保修范围内的产品故障，以修理为解决原则。在可行的情况下，我们可能会尝试通过网络、电话或其他远程帮助方式来诊断和解决您的产品故障。产品及部件的相应保修期按相关《产品保修信息》执行。保修期自产品首次购买日起算，购买日以购买产品的发票日期为准。如无有效发票，则保修期将自产品出厂日起算。产品发票日期晚于产品实际交付日的，保修期自产品实际交付日起算。进入官网>>,12.5英寸,NULL,16GB,视具体使用环境而定,HDMI,NULL,NULL,NULL,支持十点触控,NULL,背光键盘，Chroma幻彩防按键冲突键盘,电源接口
Razer 灵刃潜行版（i7/256GB/4K触控屏）,Blade Stealth系列,http://detail.zol.com.cn/ultrabook/index1144959.shtml,https://2d.zol-img.com.cn/product/173_80x60/609/ce5bb4fwOzSk.jpg,1.2万,正常,4432,Intel 酷睿i7 6500U,英特尔 酷睿i7 6代系列,2.5GHz,3.1GHz,双核心/四线程,4MB,NULL,Skylake,14nm,15W,8GB（8GB×1）,LPDDR3 1866MHz,NULL,256GB,SSD固态硬盘（PCIe M.2）,835,核芯显卡,Intel GMA HD 520,共享内存容量,无,NULL,镁铝合金,NULL,NULL,锂离子聚合物电池,NULL,13.1mm,UHD，LED背光，IGZO屏幕，170度可视角,支持802.11a/b/g/n/ac无线协议,内置立体声扬声器,3840x2160,2016年05月,206mm,NULL,NULL,家用,2×USB3.0，1×Thunderbolt 3.0接口,321mm,1.25Kg,安全锁孔，TPM 2.0,400-0808-769,法定节假日休息,NULL,100V-240V 45W 自适应交流电源适配器,整机（含随机电池）免费保修1年,杜比认证音效,无内置光驱,NULL,NULL,1000Mbps以太网卡,NULL,NULL,游戏本，影音娱乐本，Ultrabook笔记本，时尚轻薄本,预装Windows 10 Home Basic 64bit（64位家庭普通版）,NULL,1年,黑色,NULL,NULL,触摸板,全国联保，享受三包服务,笔记本主机 x1电源适配器 x1电源线 x1说明书 x1保修卡 x1使用指南 x11Razer（雷蛇）贴纸 x1,NULL,附带软件,NULL,NULL,16:9,耳机/麦克风二合一接口,NULL,支持，蓝牙4.1模块,NULL,NULL,阵列式麦克风,NULL,NULL,NULL,集成200万像素摄像头,NULL,对保修范围内的产品故障，以修理为解决原则。在可行的情况下，我们可能会尝试通过网络、电话或其他远程帮助方式来诊断和解决您的产品故障。产品及部件的相应保修期按相关《产品保修信息》执行。保修期自产品首次购买日起算，购买日以购买产品的发票日期为准。如无有效发票，则保修期将自产品出厂日起算。产品发票日期晚于产品实际交付日的，保修期自产品实际交付日起算。进入官网>>,12.5英寸,NULL,16GB,视具体使用环境而定,HDMI,NULL,NULL,NULL,支持十点触控,NULL,背光键盘，Chroma幻彩防按键冲突键盘,电源接口
Razer 灵刃（i7 7700HQ/16GB/512GB/1080P）,Blade灵刃系列,http://detail.zol.com.cn/ultrabook/index1169733.shtml,https://2e.zol-img.com.cn/product/182_80x60/584/ceM7KqEDLAguA.jpg,1.8万,正常,8896,Intel 酷睿i7 7700HQ,英特尔 酷睿i7 7代系列,2.8GHz,3.8GHz,四核心/八线程,6MB,NULL,Kaby Lake,14nm,45W,16GB（8GB×2）,DDR4 2400MHz,2xSO-DIMM,512GB,SSD固态硬盘（PCIe M.2）,8851,发烧级独立显卡,NVIDIA GeForce GTX 1060,6GB,GDDR5,192bit,镁铝合金,NULL,NULL,聚合物电池，70瓦时,NULL,17.9mm,全高清IPS雾面屏,Intel 1535 AC，支持802.11a/b/g/n/ac无线协议,立体声扬声器,1920x1080,2017年04月,235mm,NULL,可编程键盘，背光和风扇控制的Razer Synapse雷云，支持7.1编解码器,家用,2×USB3.0，1×Thunderbolt 3.0接口,345mm,1.86Kg,安全锁孔，TPM 2.0,400-0808-769,法定节假日休息,NULL,100V-240V 165W自适应交流电源适配器,整机（含随机电池）免费保修1年,杜比认证音效,无内置光驱,NULL,NULL,1000Mbps以太网卡,NULL,NULL,游戏本，影音娱乐本，Ultrabook笔记本，时尚轻薄本,预装Windows 10 Home Basic 64bit（64位家庭普通版）,NULL,1年,黑色,NULL,NULL,触摸板,全国联保，享受三包服务,笔记本主机 x1电源适配器 x1电源线 x1说明书 x1保修卡 x1使用指南 x11Razer（雷蛇）贴纸 x1,NULL,附带软件,NULL,NULL,16:9,耳机/麦克风二合一接口,NULL,支持，蓝牙4.1模块,NULL,NULL,阵列式麦克风,NULL,NULL,NULL,集成200万像素摄像头,NULL,对保修范围内的产品故障，以修理为解决原则。在可行的情况下，我们可能会尝试通过网络、电话或其他远程帮助方式来诊断和解决您的产品故障。产品及部件的相应保修期按相关《产品保修信息》执行。保修期自产品首次购买日起算，购买日以购买产品的发票日期为准。如无有效发票，则保修期将自产品出厂日起算。产品发票日期晚于产品实际交付日的，保修期自产品实际交付日起算。进入官网>>,14英寸,NULL,NULL,视具体使用环境而定,HDMI,NULL,NULL,NULL,不支持触控,NULL,背光键盘，Chroma幻彩键盘,电源接口
Razer 灵刃（i7 7700HQ/16GB/256GB/1080P）,Blade灵刃系列,http://detail.zol.com.cn/ultrabook/index1169717.shtml,https://2c.zol-img.com.cn/product/182_80x60/454/cey56nrULpmfo.jpg,1.6万,正常,8896,Intel 酷睿i7 7700HQ,英特尔 酷睿i7 7代系列,2.8GHz,3.8GHz,四核心/八线程,6MB,NULL,Kaby Lake,14nm,45W,16GB（8GB×2）,DDR4 2400MHz,2xSO-DIMM,256GB,SSD固态硬盘（PCIe M.2）,8851,发烧级独立显卡,NVIDIA GeForce GTX 1060,6GB,GDDR5,192bit,镁铝合金,NULL,NULL,聚合物电池，70瓦时,NULL,17.9mm,全高清IPS雾面屏,Intel 1535 AC，支持802.11a/b/g/n/ac无线协议,立体声扬声器,1920x1080,2017年04月,235mm,NULL,可编程键盘，背光和风扇控制的Razer Synapse雷云，支持7.1编解码器,家用,2×USB3.0，1×Thunderbolt 3.0接口,345mm,1.86Kg,安全锁孔，TPM 2.0,400-0808-769,法定节假日休息,NULL,100V-240V 165W自适应交流电源适配器,整机（含随机电池）免费保修1年,杜比认证音效,无内置光驱,NULL,NULL,1000Mbps以太网卡,NULL,NULL,游戏本，影音娱乐本，Ultrabook笔记本，时尚轻薄本,预装Windows 10 Home Basic 64bit（64位家庭普通版）,NULL,1年,黑色,NULL,NULL,触摸板,全国联保，享受三包服务,笔记本主机 x1电源适配器 x1电源线 x1说明书 x1保修卡 x1使用指南 x11Razer（雷蛇）贴纸 x1,NULL,附带软件,NULL,NULL,16:9,耳机/麦克风二合一接口,NULL,支持，蓝牙4.1模块,NULL,NULL,阵列式麦克风,NULL,NULL,NULL,集成200万像素摄像头,NULL,对保修范围内的产品故障，以修理为解决原则。在可行的情况下，我们可能会尝试通过网络、电话或其他远程帮助方式来诊断和解决您的产品故障。产品及部件的相应保修期按相关《产品保修信息》执行。保修期自产品首次购买日起算，购买日以购买产品的发票日期为准。如无有效发票，则保修期将自产品出厂日起算。产品发票日期晚于产品实际交付日的，保修期自产品实际交付日起算。进入官网>>,14英寸,NULL,NULL,视具体使用环境而定,HDMI,NULL,NULL,NULL,不支持触控,NULL,背光键盘，Chroma幻彩键盘,电源接口
Razer 灵刃（i7 7700HQ/16GB/512GB/4K触控屏）,Blade灵刃系列,http://detail.zol.com.cn/ultrabook/index1169737.shtml,https://2f.zol-img.com.cn/product/182_80x60/747/ceQtUtiMaleuw.jpg,2.1万,正常,8896,Intel 酷睿i7 7700HQ,英特尔 酷睿i7 7代系列,2.8GHz,3.8GHz,四核心/八线程,6MB,NULL,Kaby Lake,14nm,45W,16GB（8GB×2）,DDR4 2400MHz,2xSO-DIMM,512GB,SSD固态硬盘（PCIe M.2）,8851,发烧级独立显卡,NVIDIA GeForce GTX 1060,6GB,GDDR5,192bit,镁铝合金,NULL,NULL,聚合物电池，70瓦时,NULL,17.9mm,UHD，超高清显示屏,Intel 1535 AC，支持802.11a/b/g/n/ac无线协议,立体声扬声器,3840x2160,2017年,235mm,NULL,可编程键盘，背光和风扇控制的Razer Synapse雷云，支持7.1编解码器,家用,2×USB3.0，1×Thunderbolt 3.0接口,345mm,1.86Kg,安全锁孔，TPM 2.0,400-0808-769,法定节假日休息,NULL,100V-240V 165W自适应交流电源适配器,整机（含随机电池）免费保修1年,杜比认证音效,无内置光驱,NULL,NULL,1000Mbps以太网卡,NULL,NULL,游戏本，影音娱乐本，Ultrabook笔记本，时尚轻薄本,预装Windows 10 Home Basic 64bit（64位家庭普通版）,NULL,1年,黑色,NULL,NULL,触摸板,全国联保，享受三包服务,笔记本主机 x1电源适配器 x1电源线 x1说明书 x1保修卡 x1使用指南 x11Razer（雷蛇）贴纸 x1,NULL,附带软件,NULL,NULL,16:9,耳机/麦克风二合一接口,NULL,支持，蓝牙4.1模块,NULL,NULL,阵列式麦克风,NULL,NULL,NULL,集成200万像素摄像头,NULL,对保修范围内的产品故障，以修理为解决原则。在可行的情况下，我们可能会尝试通过网络、电话或其他远程帮助方式来诊断和解决您的产品故障。产品及部件的相应保修期按相关《产品保修信息》执行。保修期自产品首次购买日起算，购买日以购买产品的发票日期为准。如无有效发票，则保修期将自产品出厂日起算。产品发票日期晚于产品实际交付日的，保修期自产品实际交付日起算。进入官网>>,14英寸,NULL,NULL,视具体使用环境而定,HDMI,NULL,NULL,NULL,支持触控,NULL,背光键盘，Chroma幻彩键盘,电源接口
Razer 灵刃（i7 7700HQ/16GB/1TB/1080P）,Blade灵刃系列,http://detail.zol.com.cn/ultrabook/index1169734.shtml,https://2b.zol-img.com.cn/product/182_80x60/665/ce9QuCCnYzYqQ.jpg,2.15万,正常,8896,Intel 酷睿i7 7700HQ,英特尔 酷睿i7 7代系列,2.8GHz,3.8GHz,四核心/八线程,6MB,NULL,Kaby Lake,14nm,45W,16GB（8GB×2）,DDR4 2400MHz,2xSO-DIMM,1TB,SSD固态硬盘（PCIe M.2）,8851,发烧级独立显卡,NVIDIA GeForce GTX 1060,6GB,GDDR5,192bit,镁铝合金,NULL,NULL,聚合物电池，70瓦时,NULL,17.9mm,全高清IPS雾面屏,Intel 1535 AC，支持802.11a/b/g/n/ac无线协议,立体声扬声器,1920x1080,2017年04月,235mm,NULL,可编程键盘，背光和风扇控制的Razer Synapse雷云，支持7.1编解码器,家用,2×USB3.0，1×Thunderbolt 3.0接口,345mm,1.86Kg,安全锁孔，TPM 2.0,400-0808-769,法定节假日休息,NULL,100V-240V 165W自适应交流电源适配器,整机（含随机电池）免费保修1年,杜比认证音效,无内置光驱,NULL,NULL,1000Mbps以太网卡,NULL,NULL,游戏本，影音娱乐本，Ultrabook笔记本，时尚轻薄本,预装Windows 10 Home Basic 64bit（64位家庭普通版）,NULL,1年,黑色,NULL,NULL,触摸板,全国联保，享受三包服务,笔记本主机 x1电源适配器 x1电源线 x1说明书 x1保修卡 x1使用指南 x11Razer（雷蛇）贴纸 x1,NULL,附带软件,NULL,NULL,16:9,耳机/麦克风二合一接口,NULL,支持，蓝牙4.1模块,NULL,NULL,阵列式麦克风,NULL,NULL,NULL,集成200万像素摄像头,NULL,对保修范围内的产品故障，以修理为解决原则。在可行的情况下，我们可能会尝试通过网络、电话或其他远程帮助方式来诊断和解决您的产品故障。产品及部件的相应保修期按相关《产品保修信息》执行。保修期自产品首次购买日起算，购买日以购买产品的发票日期为准。如无有效发票，则保修期将自产品出厂日起算。产品发票日期晚于产品实际交付日的，保修期自产品实际交付日起算。进入官网>>,14英寸,NULL,NULL,视具体使用环境而定,HDMI,NULL,NULL,NULL,不支持触控,NULL,背光键盘，Chroma幻彩键盘,电源接口
Razer 灵刃（i7 7700HQ/16GB/1TB/4K触控屏）,Blade灵刃系列,http://detail.zol.com.cn/ultrabook/index1169735.shtml,https://2a.zol-img.com.cn/product/182_80x60/712/ceDdutcMhk2pg.jpg,1.6万,正常,8896,Intel 酷睿i7 7700HQ,英特尔 酷睿i7 7代系列,2.8GHz,3.8GHz,四核心/八线程,6MB,NULL,Kaby Lake,14nm,45W,16GB（8GB×2）,DDR4 2400MHz,2xSO-DIMM,1TB,SSD固态硬盘（PCIe M.2）,8851,发烧级独立显卡,NVIDIA GeForce GTX 1060,6GB,GDDR5,192bit,镁铝合金,NULL,NULL,聚合物电池，70瓦时,NULL,17.9mm,UHD，超高清显示屏,Intel 1535 AC，支持802.11a/b/g/n/ac无线协议,立体声扬声器,3840x2160,2017年,235mm,NULL,可编程键盘，背光和风扇控制的Razer Synapse雷云，支持7.1编解码器,家用,2×USB3.0，1×Thunderbolt 3.0接口,345mm,1.86Kg,安全锁孔，TPM 2.0,400-0808-769,法定节假日休息,NULL,100V-240V 165W自适应交流电源适配器,整机（含随机电池）免费保修1年,杜比认证音效,无内置光驱,NULL,NULL,1000Mbps以太网卡,NULL,NULL,游戏本，影音娱乐本，Ultrabook笔记本，时尚轻薄本,预装Windows 10 Home Basic 64bit（64位家庭普通版）,NULL,1年,黑色,NULL,NULL,触摸板,全国联保，享受三包服务,笔记本主机 x1电源适配器 x1电源线 x1说明书 x1保修卡 x1使用指南 x11Razer（雷蛇）贴纸 x1,NULL,附带软件,NULL,NULL,16:9,耳机/麦克风二合一接口,NULL,支持，蓝牙4.1模块,NULL,NULL,阵列式麦克风,NULL,NULL,NULL,集成200万像素摄像头,NULL,对保修范围内的产品故障，以修理为解决原则。在可行的情况下，我们可能会尝试通过网络、电话或其他远程帮助方式来诊断和解决您的产品故障。产品及部件的相应保修期按相关《产品保修信息》执行。保修期自产品首次购买日起算，购买日以购买产品的发票日期为准。如无有效发票，则保修期将自产品出厂日起算。产品发票日期晚于产品实际交付日的，保修期自产品实际交付日起算。进入官网>>,14英寸,NULL,NULL,视具体使用环境而定,HDMI,NULL,NULL,NULL,支持触控,NULL,背光键盘，Chroma幻彩键盘,电源接口
Razer 灵刃（i7 7700HQ/16GB/512GB/1080P）,Blade灵刃系列,http://detail.zol.com.cn/ultrabook/index1169733.shtml,https://2e.zol-img.com.cn/product/182_80x60/584/ceM7KqEDLAguA.jpg,1.8万,正常,8896,Intel 酷睿i7 7700HQ,英特尔 酷睿i7 7代系列,2.8GHz,3.8GHz,四核心/八线程,6MB,NULL,Kaby Lake,14nm,45W,16GB（8GB×2）,DDR4 2400MHz,2xSO-DIMM,512GB,SSD固态硬盘（PCIe M.2）,8851,发烧级独立显卡,NVIDIA GeForce GTX 1060,6GB,GDDR5,192bit,镁铝合金,NULL,NULL,聚合物电池，70瓦时,NULL,17.9mm,全高清IPS雾面屏,Intel 1535 AC，支持802.11a/b/g/n/ac无线协议,立体声扬声器,1920x1080,2017年04月,235mm,NULL,可编程键盘，背光和风扇控制的Razer Synapse雷云，支持7.1编解码器,家用,2×USB3.0，1×Thunderbolt 3.0接口,345mm,1.86Kg,安全锁孔，TPM 2.0,400-0808-769,法定节假日休息,NULL,100V-240V 165W自适应交流电源适配器,整机（含随机电池）免费保修1年,杜比认证音效,无内置光驱,NULL,NULL,1000Mbps以太网卡,NULL,NULL,游戏本，影音娱乐本，Ultrabook笔记本，时尚轻薄本,预装Windows 10 Home Basic 64bit（64位家庭普通版）,NULL,1年,黑色,NULL,NULL,触摸板,全国联保，享受三包服务,笔记本主机 x1电源适配器 x1电源线 x1说明书 x1保修卡 x1使用指南 x11Razer（雷蛇）贴纸 x1,NULL,附带软件,NULL,NULL,16:9,耳机/麦克风二合一接口,NULL,支持，蓝牙4.1模块,NULL,NULL,阵列式麦克风,NULL,NULL,NULL,集成200万像素摄像头,NULL,对保修范围内的产品故障，以修理为解决原则。在可行的情况下，我们可能会尝试通过网络、电话或其他远程帮助方式来诊断和解决您的产品故障。产品及部件的相应保修期按相关《产品保修信息》执行。保修期自产品首次购买日起算，购买日以购买产品的发票日期为准。如无有效发票，则保修期将自产品出厂日起算。产品发票日期晚于产品实际交付日的，保修期自产品实际交付日起算。进入官网>>,14英寸,NULL,NULL,视具体使用环境而定,HDMI,NULL,NULL,NULL,不支持触控,NULL,背光键盘，Chroma幻彩键盘,电源接口
Razer 灵刃（i7 7700HQ/16GB/256GB/1080P）,Blade灵刃系列,http://detail.zol.com.cn/ultrabook/index1169717.shtml,https://2c.zol-img.com.cn/product/182_80x60/454/cey56nrULpmfo.jpg,1.6万,正常,8896,Intel 酷睿i7 7700HQ,英特尔 酷睿i7 7代系列,2.8GHz,3.8GHz,四核心/八线程,6MB,NULL,Kaby Lake,14nm,45W,16GB（8GB×2）,DDR4 2400MHz,2xSO-DIMM,256GB,SSD固态硬盘（PCIe M.2）,8851,发烧级独立显卡,NVIDIA GeForce GTX 1060,6GB,GDDR5,192bit,镁铝合金,NULL,NULL,聚合物电池，70瓦时,NULL,17.9mm,全高清IPS雾面屏,Intel 1535 AC，支持802.11a/b/g/n/ac无线协议,立体声扬声器,1920x1080,2017年04月,235mm,NULL,可编程键盘，背光和风扇控制的Razer Synapse雷云，支持7.1编解码器,家用,2×USB3.0，1×Thunderbolt 3.0接口,345mm,1.86Kg,安全锁孔，TPM 2.0,400-0808-769,法定节假日休息,NULL,100V-240V 165W自适应交流电源适配器,整机（含随机电池）免费保修1年,杜比认证音效,无内置光驱,NULL,NULL,1000Mbps以太网卡,NULL,NULL,游戏本，影音娱乐本，Ultrabook笔记本，时尚轻薄本,预装Windows 10 Home Basic 64bit（64位家庭普通版）,NULL,1年,黑色,NULL,NULL,触摸板,全国联保，享受三包服务,笔记本主机 x1电源适配器 x1电源线 x1说明书 x1保修卡 x1使用指南 x11Razer（雷蛇）贴纸 x1,NULL,附带软件,NULL,NULL,16:9,耳机/麦克风二合一接口,NULL,支持，蓝牙4.1模块,NULL,NULL,阵列式麦克风,NULL,NULL,NULL,集成200万像素摄像头,NULL,对保修范围内的产品故障，以修理为解决原则。在可行的情况下，我们可能会尝试通过网络、电话或其他远程帮助方式来诊断和解决您的产品故障。产品及部件的相应保修期按相关《产品保修信息》执行。保修期自产品首次购买日起算，购买日以购买产品的发票日期为准。如无有效发票，则保修期将自产品出厂日起算。产品发票日期晚于产品实际交付日的，保修期自产品实际交付日起算。进入官网>>,14英寸,NULL,NULL,视具体使用环境而定,HDMI,NULL,NULL,NULL,不支持触控,NULL,背光键盘，Chroma幻彩键盘,电源接口
Razer 灵刃（i7 7700HQ/16GB/512GB/4K触控屏）,Blade灵刃系列,http://detail.zol.com.cn/ultrabook/index1169737.shtml,https://2f.zol-img.com.cn/product/182_80x60/747/ceQtUtiMaleuw.jpg,2.1万,正常,8896,Intel 酷睿i7 7700HQ,英特尔 酷睿i7 7代系列,2.8GHz,3.8GHz,四核心/八线程,6MB,NULL,Kaby Lake,14nm,45W,16GB（8GB×2）,DDR4 2400MHz,2xSO-DIMM,512GB,SSD固态硬盘（PCIe M.2）,8851,发烧级独立显卡,NVIDIA GeForce GTX 1060,6GB,GDDR5,192bit,镁铝合金,NULL,NULL,聚合物电池，70瓦时,NULL,17.9mm,UHD，超高清显示屏,Intel 1535 AC，支持802.11a/b/g/n/ac无线协议,立体声扬声器,3840x2160,2017年,235mm,NULL,可编程键盘，背光和风扇控制的Razer Synapse雷云，支持7.1编解码器,家用,2×USB3.0，1×Thunderbolt 3.0接口,345mm,1.86Kg,安全锁孔，TPM 2.0,400-0808-769,法定节假日休息,NULL,100V-240V 165W自适应交流电源适配器,整机（含随机电池）免费保修1年,杜比认证音效,无内置光驱,NULL,NULL,1000Mbps以太网卡,NULL,NULL,游戏本，影音娱乐本，Ultrabook笔记本，时尚轻薄本,预装Windows 10 Home Basic 64bit（64位家庭普通版）,NULL,1年,黑色,NULL,NULL,触摸板,全国联保，享受三包服务,笔记本主机 x1电源适配器 x1电源线 x1说明书 x1保修卡 x1使用指南 x11Razer（雷蛇）贴纸 x1,NULL,附带软件,NULL,NULL,16:9,耳机/麦克风二合一接口,NULL,支持，蓝牙4.1模块,NULL,NULL,阵列式麦克风,NULL,NULL,NULL,集成200万像素摄像头,NULL,对保修范围内的产品故障，以修理为解决原则。在可行的情况下，我们可能会尝试通过网络、电话或其他远程帮助方式来诊断和解决您的产品故障。产品及部件的相应保修期按相关《产品保修信息》执行。保修期自产品首次购买日起算，购买日以购买产品的发票日期为准。如无有效发票，则保修期将自产品出厂日起算。产品发票日期晚于产品实际交付日的，保修期自产品实际交付日起算。进入官网>>,14英寸,NULL,NULL,视具体使用环境而定,HDMI,NULL,NULL,NULL,支持触控,NULL,背光键盘，Chroma幻彩键盘,电源接口
Razer 灵刃（i7 7700HQ/16GB/1TB/1080P）,Blade灵刃系列,http://detail.zol.com.cn/ultrabook/index1169734.shtml,https://2b.zol-img.com.cn/product/182_80x60/665/ce9QuCCnYzYqQ.jpg,2.15万,正常,8896,Intel 酷睿i7 7700HQ,英特尔 酷睿i7 7代系列,2.8GHz,3.8GHz,四核心/八线程,6MB,NULL,Kaby Lake,14nm,45W,16GB（8GB×2）,DDR4 2400MHz,2xSO-DIMM,1TB,SSD固态硬盘（PCIe M.2）,8851,发烧级独立显卡,NVIDIA GeForce GTX 1060,6GB,GDDR5,192bit,镁铝合金,NULL,NULL,聚合物电池，70瓦时,NULL,17.9mm,全高清IPS雾面屏,Intel 1535 AC，支持802.11a/b/g/n/ac无线协议,立体声扬声器,1920x1080,2017年04月,235mm,NULL,可编程键盘，背光和风扇控制的Razer Synapse雷云，支持7.1编解码器,家用,2×USB3.0，1×Thunderbolt 3.0接口,345mm,1.86Kg,安全锁孔，TPM 2.0,400-0808-769,法定节假日休息,NULL,100V-240V 165W自适应交流电源适配器,整机（含随机电池）免费保修1年,杜比认证音效,无内置光驱,NULL,NULL,1000Mbps以太网卡,NULL,NULL,游戏本，影音娱乐本，Ultrabook笔记本，时尚轻薄本,预装Windows 10 Home Basic 64bit（64位家庭普通版）,NULL,1年,黑色,NULL,NULL,触摸板,全国联保，享受三包服务,笔记本主机 x1电源适配器 x1电源线 x1说明书 x1保修卡 x1使用指南 x11Razer（雷蛇）贴纸 x1,NULL,附带软件,NULL,NULL,16:9,耳机/麦克风二合一接口,NULL,支持，蓝牙4.1模块,NULL,NULL,阵列式麦克风,NULL,NULL,NULL,集成200万像素摄像头,NULL,对保修范围内的产品故障，以修理为解决原则。在可行的情况下，我们可能会尝试通过网络、电话或其他远程帮助方式来诊断和解决您的产品故障。产品及部件的相应保修期按相关《产品保修信息》执行。保修期自产品首次购买日起算，购买日以购买产品的发票日期为准。如无有效发票，则保修期将自产品出厂日起算。产品发票日期晚于产品实际交付日的，保修期自产品实际交付日起算。进入官网>>,14英寸,NULL,NULL,视具体使用环境而定,HDMI,NULL,NULL,NULL,不支持触控,NULL,背光键盘，Chroma幻彩键盘,电源接口
Razer 灵刃（i7 7700HQ/16GB/1TB/4K触控屏）,Blade灵刃系列,http://detail.zol.com.cn/ultrabook/index1169735.shtml,https://2a.zol-img.com.cn/product/182_80x60/712/ceDdutcMhk2pg.jpg,1.6万,正常,8896,Intel 酷睿i7 7700HQ,英特尔 酷睿i7 7代系列,2.8GHz,3.8GHz,四核心/八线程,6MB,NULL,Kaby Lake,14nm,45W,16GB（8GB×2）,DDR4 2400MHz,2xSO-DIMM,1TB,SSD固态硬盘（PCIe M.2）,8851,发烧级独立显卡,NVIDIA GeForce GTX 1060,6GB,GDDR5,192bit,镁铝合金,NULL,NULL,聚合物电池，70瓦时,NULL,17.9mm,UHD，超高清显示屏,Intel 1535 AC，支持802.11a/b/g/n/ac无线协议,立体声扬声器,3840x2160,2017年,235mm,NULL,可编程键盘，背光和风扇控制的Razer Synapse雷云，支持7.1编解码器,家用,2×USB3.0，1×Thunderbolt 3.0接口,345mm,1.86Kg,安全锁孔，TPM 2.0,400-0808-769,法定节假日休息,NULL,100V-240V 165W自适应交流电源适配器,整机（含随机电池）免费保修1年,杜比认证音效,无内置光驱,NULL,NULL,1000Mbps以太网卡,NULL,NULL,游戏本，影音娱乐本，Ultrabook笔记本，时尚轻薄本,预装Windows 10 Home Basic 64bit（64位家庭普通版）,NULL,1年,黑色,NULL,NULL,触摸板,全国联保，享受三包服务,笔记本主机 x1电源适配器 x1电源线 x1说明书 x1保修卡 x1使用指南 x11Razer（雷蛇）贴纸 x1,NULL,附带软件,NULL,NULL,16:9,耳机/麦克风二合一接口,NULL,支持，蓝牙4.1模块,NULL,NULL,阵列式麦克风,NULL,NULL,NULL,集成200万像素摄像头,NULL,对保修范围内的产品故障，以修理为解决原则。在可行的情况下，我们可能会尝试通过网络、电话或其他远程帮助方式来诊断和解决您的产品故障。产品及部件的相应保修期按相关《产品保修信息》执行。保修期自产品首次购买日起算，购买日以购买产品的发票日期为准。如无有效发票，则保修期将自产品出厂日起算。产品发票日期晚于产品实际交付日的，保修期自产品实际交付日起算。进入官网>>,14英寸,NULL,NULL,视具体使用环境而定,HDMI,NULL,NULL,NULL,支持触控,NULL,背光键盘，Chroma幻彩键盘,电源接口
Razer 灵刃潜行版（i7 7500U/16GB/512GB/4K触摸屏）,灵刃潜行版系列,http://detail.zol.com.cn/ultrabook/index1168162.shtml,https://2a.zol-img.com.cn/product/181_80x60/824/ceg9V9TPYpYbQ.jpg,1.4万,正常,5217,Intel 酷睿i7 7500U,英特尔 酷睿i7 7代系列,2.7GHz,3.5GHz,双核心/四线程,4MB,NULL,Kaby Lake,14nm,15W,16GB（8GB×2）,LPDDR3 1866MHz,NULL,512GB,SSD固态硬盘（PCIe M.2）,936,核芯显卡,Intel GMA HD 620,共享内存容量,无,NULL,镁铝合金,NULL,NULL,聚合物电池，53.6瓦时,NULL,13.1mm,QHD，LED背光，IGZO屏幕，170度可视角,支持802.11a/b/g/n/ac无线协议,内置扬声器,3840x2160,2017年03月,206mm,NULL,NULL,家用,2×USB3.0，1×Thunderbolt 3.0接口,321mm,1.29Kg,安全锁孔，TPM 2.0,400-0808-769,法定节假日休息,NULL,100V-240V 自适应交流电源适配器,整机（含随机电池）免费保修1年,内置音效芯片,无内置光驱,NULL,NULL,1000Mbps以太网卡,NULL,NULL,游戏本，影音娱乐本，Ultrabook笔记本，时尚轻薄本,预装Windows 10 Home Basic 64bit（64位家庭普通版）,NULL,1年,黑色,NULL,NULL,触摸板,全国联保，享受三包服务,笔记本主机 x1电源适配器 x1电源线 x1说明书 x1保修卡 x1使用指南 x11Razer（雷蛇）贴纸 x1,NULL,附带软件,NULL,NULL,16:9,耳机/麦克风二合一接口,NULL,支持，蓝牙4.1模块,NULL,NULL,内置麦克风,NULL,NULL,NULL,集成200万像素摄像头,NULL,对保修范围内的产品故障，以修理为解决原则。在可行的情况下，我们可能会尝试通过网络、电话或其他远程帮助方式来诊断和解决您的产品故障。产品及部件的相应保修期按相关《产品保修信息》执行。保修期自产品首次购买日起算，购买日以购买产品的发票日期为准。如无有效发票，则保修期将自产品出厂日起算。产品发票日期晚于产品实际交付日的，保修期自产品实际交付日起算。进入官网>>,12.5英寸,NULL,16GB,9小时左右，视具体使用环境而定,HDMI,NULL,NULL,NULL,支持触控,NULL,背光键盘，Chroma幻彩键盘,电源接口
Razer 灵刃潜行版（i7 7500U/16GB/256GB/4K触摸屏）,灵刃潜行版系列,http://detail.zol.com.cn/ultrabook/index1168173.shtml,https://2f.zol-img.com.cn/product/181_80x60/901/ce1BSsxZy9aw.jpg,1.2万,正常,5217,Intel 酷睿i7 7500U,英特尔 酷睿i7 7代系列,2.7GHz,3.5GHz,双核心/四线程,4MB,NULL,Kaby Lake,14nm,15W,16GB（8GB×2）,LPDDR3 1866MHz,NULL,256GB,SSD固态硬盘（PCIe M.2）,936,核芯显卡,Intel GMA HD 620,共享内存容量,无,NULL,镁铝合金,NULL,NULL,聚合物电池，53.6瓦时,NULL,13.1mm,QHD，LED背光，IGZO屏幕，170度可视角,支持802.11a/b/g/n/ac无线协议,内置扬声器,3840x2160,2017年03月,206mm,NULL,NULL,家用,2×USB3.0，1×Thunderbolt 3.0接口,321mm,1.29Kg,安全锁孔，TPM 2.0,400-0808-769,法定节假日休息,NULL,100V-240V 自适应交流电源适配器,整机（含随机电池）免费保修1年,内置音效芯片,无内置光驱,NULL,NULL,1000Mbps以太网卡,NULL,NULL,游戏本，影音娱乐本，Ultrabook笔记本，时尚轻薄本,预装Windows 10 Home Basic 64bit（64位家庭普通版）,NULL,1年,黑色,NULL,NULL,触摸板,全国联保，享受三包服务,笔记本主机 x1电源适配器 x1电源线 x1说明书 x1保修卡 x1使用指南 x11Razer（雷蛇）贴纸 x1,NULL,附带软件,NULL,NULL,16:9,耳机/麦克风二合一接口,NULL,支持，蓝牙4.1模块,NULL,NULL,内置麦克风,NULL,NULL,NULL,集成200万像素摄像头,NULL,对保修范围内的产品故障，以修理为解决原则。在可行的情况下，我们可能会尝试通过网络、电话或其他远程帮助方式来诊断和解决您的产品故障。产品及部件的相应保修期按相关《产品保修信息》执行。保修期自产品首次购买日起算，购买日以购买产品的发票日期为准。如无有效发票，则保修期将自产品出厂日起算。产品发票日期晚于产品实际交付日的，保修期自产品实际交付日起算。进入官网>>,12.5英寸,NULL,16GB,9小时左右，视具体使用环境而定,HDMI,NULL,NULL,NULL,支持触控,NULL,背光键盘，Chroma幻彩键盘,电源接口
Razer 灵刃潜行版（i5 7200U/8GB/128GB/4K触摸屏）,灵刃潜行版系列,http://detail.zol.com.cn/ultrabook/index1168175.shtml,https://2e.zol-img.com.cn/product/181_80x60/930/cet229MFUJJPY.jpg,9399,正常,4661,Intel 酷睿i5 7200U,英特尔 酷睿i5 7代系列,2.5GHz,3.1GHz,双核心/四线程,3MB,NULL,Kaby Lake,14nm,15W,8GB（8GB×1）,LPDDR3 1866MHz,NULL,128GB,SSD固态硬盘（PCIe M.2）,936,核芯显卡,Intel GMA HD 620,共享内存容量,无,NULL,镁铝合金,NULL,NULL,聚合物电池，53.6瓦时,NULL,13.1mm,QHD，LED背光，IGZO屏幕，170度可视角,支持802.11a/b/g/n/ac无线协议,内置扬声器,3840x2160,2017年03月,206mm,NULL,NULL,家用,2×USB3.0，1×Thunderbolt 3.0接口,321mm,1.29Kg,安全锁孔，TPM 2.0,400-0808-769,法定节假日休息,NULL,100V-240V 自适应交流电源适配器,整机（含随机电池）免费保修1年,内置音效芯片,无内置光驱,NULL,NULL,1000Mbps以太网卡,NULL,NULL,游戏本，影音娱乐本，Ultrabook笔记本，时尚轻薄本,预装Windows 10 Home Basic 64bit（64位家庭普通版）,NULL,1年,黑色,NULL,NULL,触摸板,全国联保，享受三包服务,笔记本主机 x1电源适配器 x1电源线 x1说明书 x1保修卡 x1使用指南 x11Razer（雷蛇）贴纸 x1,NULL,附带软件,NULL,NULL,16:9,耳机/麦克风二合一接口,NULL,支持，蓝牙4.1模块,NULL,NULL,内置麦克风,NULL,NULL,NULL,集成200万像素摄像头,NULL,对保修范围内的产品故障，以修理为解决原则。在可行的情况下，我们可能会尝试通过网络、电话或其他远程帮助方式来诊断和解决您的产品故障。产品及部件的相应保修期按相关《产品保修信息》执行。保修期自产品首次购买日起算，购买日以购买产品的发票日期为准。如无有效发票，则保修期将自产品出厂日起算。产品发票日期晚于产品实际交付日的，保修期自产品实际交付日起算。进入官网>>,12.5英寸,NULL,16GB,9小时左右，视具体使用环境而定,HDMI,NULL,NULL,NULL,支持触控,NULL,背光键盘，Chroma幻彩键盘,电源接口
Razer 灵刃潜行版（i7 7500U/16GB/256GB/2K触摸屏）,灵刃潜行版系列,http://detail.zol.com.cn/ultrabook/index1168171.shtml,https://2f.zol-img.com.cn/product/181_80x60/865/ceaY6bCTqrR6E.jpg,1.09万,正常,5217,Intel 酷睿i7 7500U,英特尔 酷睿i7 7代系列,2.7GHz,3.5GHz,双核心/四线程,4MB,NULL,Kaby Lake,14nm,15W,16GB（8GB×2）,LPDDR3 1866MHz,NULL,256GB,SSD固态硬盘（PCIe M.2）,936,核芯显卡,Intel GMA HD 620,共享内存容量,无,NULL,镁铝合金,NULL,NULL,聚合物电池，53.6瓦时,NULL,13.1mm,QHD，LED背光，IGZO屏幕，170度可视角,支持802.11a/b/g/n/ac无线协议,内置扬声器,2560x1440,2017年03月,206mm,NULL,NULL,家用,2×USB3.0，1×Thunderbolt 3.0接口,321mm,1.29Kg,安全锁孔，TPM 2.0,400-0808-769,法定节假日休息,NULL,100V-240V 自适应交流电源适配器,整机（含随机电池）免费保修1年,内置音效芯片,无内置光驱,NULL,NULL,1000Mbps以太网卡,NULL,NULL,游戏本，影音娱乐本，Ultrabook笔记本，时尚轻薄本,预装Windows 10 Home Basic 64bit（64位家庭普通版）,NULL,1年,黑色,NULL,NULL,触摸板,全国联保，享受三包服务,笔记本主机 x1电源适配器 x1电源线 x1说明书 x1保修卡 x1使用指南 x11Razer（雷蛇）贴纸 x1,NULL,附带软件,NULL,NULL,16:9,耳机/麦克风二合一接口,NULL,支持，蓝牙4.1模块,NULL,NULL,内置麦克风,NULL,NULL,NULL,集成200万像素摄像头,NULL,对保修范围内的产品故障，以修理为解决原则。在可行的情况下，我们可能会尝试通过网络、电话或其他远程帮助方式来诊断和解决您的产品故障。产品及部件的相应保修期按相关《产品保修信息》执行。保修期自产品首次购买日起算，购买日以购买产品的发票日期为准。如无有效发票，则保修期将自产品出厂日起算。产品发票日期晚于产品实际交付日的，保修期自产品实际交付日起算。进入官网>>,12.5英寸,NULL,16GB,9小时左右，视具体使用环境而定,HDMI,NULL,NULL,NULL,支持触控,NULL,背光键盘，Chroma幻彩键盘,电源接口
Razer 灵刃潜行版（i7 7500U/16GB/512GB/2K触摸屏）,灵刃潜行版系列,http://detail.zol.com.cn/ultrabook/index1168167.shtml,https://2f.zol-img.com.cn/product/181_80x60/853/ceuizBV3NMnA.jpg,1.2万,正常,5217,Intel 酷睿i7 7500U,英特尔 酷睿i7 7代系列,2.7GHz,3.5GHz,双核心/四线程,4MB,NULL,Kaby Lake,14nm,15W,16GB（8GB×2）,LPDDR3 1866MHz,NULL,512GB,SSD固态硬盘（PCIe M.2）,936,核芯显卡,Intel GMA HD 620,共享内存容量,无,NULL,镁铝合金,NULL,NULL,聚合物电池，53.6瓦时,NULL,13.1mm,QHD，LED背光，IGZO屏幕，170度可视角,支持802.11a/b/g/n/ac无线协议,内置扬声器,2560x1440,2017年03月,206mm,NULL,NULL,家用,2×USB3.0，1×Thunderbolt 3.0接口,321mm,1.29Kg,安全锁孔，TPM 2.0,400-0808-769,法定节假日休息,NULL,100V-240V 自适应交流电源适配器,整机（含随机电池）免费保修1年,内置音效芯片,无内置光驱,NULL,NULL,1000Mbps以太网卡,NULL,NULL,游戏本，影音娱乐本，Ultrabook笔记本，时尚轻薄本,预装Windows 10 Home Basic 64bit（64位家庭普通版）,NULL,1年,黑色,NULL,NULL,触摸板,全国联保，享受三包服务,笔记本主机 x1电源适配器 x1电源线 x1说明书 x1保修卡 x1使用指南 x11Razer（雷蛇）贴纸 x1,NULL,附带软件,NULL,NULL,16:9,耳机/麦克风二合一接口,NULL,支持，蓝牙4.1模块,NULL,NULL,内置麦克风,NULL,NULL,NULL,集成200万像素摄像头,NULL,对保修范围内的产品故障，以修理为解决原则。在可行的情况下，我们可能会尝试通过网络、电话或其他远程帮助方式来诊断和解决您的产品故障。产品及部件的相应保修期按相关《产品保修信息》执行。保修期自产品首次购买日起算，购买日以购买产品的发票日期为准。如无有效发票，则保修期将自产品出厂日起算。产品发票日期晚于产品实际交付日的，保修期自产品实际交付日起算。进入官网>>,12.5英寸,NULL,16GB,9小时左右，视具体使用环境而定,HDMI,NULL,NULL,NULL,支持触控,NULL,背光键盘，Chroma幻彩键盘,电源接口
Razer Blade Pro 灵刃专业版（i7/32GB/512GB/4K触控屏）,Blade Pro 灵刃专业版系列,http://detail.zol.com.cn/notebook/index1173593.shtml,https://2d.zol-img.com.cn/product/183_80x60/875/ceIk5DgW2CAG.jpg,3.46万,正常,9443,Intel 酷睿i7 7820HQ,英特尔 酷睿i7 7代系列,2.9GHz,3.9GHz,四核心/八线程,8MB,NULL,Kaby Lake,14nm,45W,32GB,DDR4 2667MHz,NULL,512GB,SSD固态硬盘,12158,发烧级独立显卡,NVIDIA GeForce GTX 1080,8GB,GDDR5X,256bit,镁铝合金,NULL,NULL,锂离子聚合物电池,NULL,22.5mm,UHD，LED背光，IGZO屏，170°可视角,Intel 1535 AC，支持802.11a/b/g/n/ac无线协议,立体声扬声器,3840x2160,2017年05月,281mm,NULL,NULL,家用,3×USB3.0，Thunderbolt 3.0接口,424mm,3.49Kg,安全锁孔，TPM 2.0,400-0808-769,法定节假日休息,NULL,100V-240V 250W 自适应交流电源适配器,整机（含随机电池）免费保修1年,内置音效芯片,无内置光驱,NULL,NULL,NULL,NULL,NULL,游戏本，影音娱乐本，Ultrabook笔记本，时尚轻薄本,预装Windows 10 Home Basic 64bit（64位家庭普通版）,NULL,1年,黑色,NULL,NULL,触摸板,全国联保，享受三包服务,笔记本主机 x1电源适配器 x1电源线 x1说明书 x1保修卡 x1使用指南 x11Razer（雷蛇）贴纸 x1,NULL,附带软件,NULL,SD读卡器,16:9,耳机/麦克风二合一接口,NULL,支持，蓝牙4.1模块,NULL,NULL,内置麦克风,NULL,NULL,NULL,集成200万像素摄像头,NULL,对保修范围内的产品故障，以修理为解决原则。在可行的情况下，我们可能会尝试通过网络、电话或其他远程帮助方式来诊断和解决您的产品故障。产品及部件的相应保修期按相关《产品保修信息》执行。保修期自产品首次购买日起算，购买日以购买产品的发票日期为准。如无有效发票，则保修期将自产品出厂日起算。产品发票日期晚于产品实际交付日的，保修期自产品实际交付日起算。进入官网>>,17.3英寸,NULL,NULL,视具体使用环境而定,HDMI,NULL,NULL,NULL,支持十点触控,NULL,炫彩机械键盘,电源接口
Razer Blade Pro 灵刃专业版（i7/256GB+2TB）,Blade Pro 灵刃专业版系列,http://detail.zol.com.cn/notebook/index1185291.shtml,https://2d.zol-img.com.cn/product/187_80x60/647/celx809LrvxQc.jpg,1.95万,正常,8896,Intel 酷睿i7 7700HQ,英特尔 酷睿i7 7代系列,2.8GHz,3.8GHz,四核心/八线程,6MB,NULL,Kaby Lake,14nm,45W,16GB（8GB×2）,DDR4 2400MHz,NULL,256GB+2TB,混合硬盘（SSD+HDD）,8851,发烧级独立显卡,NVIDIA GeForce GTX 1060,6GB,GDDR5,192bit,镁铝合金,NULL,NULL,锂离子聚合物电池，70瓦时,NULL,22.5mm,UHD，LED背光，IPS雾面屏,Killer 1535 AC，支持802.11a/b/g/n/ac无线协议,内置立体声扬声器,1920x1080,2017年05月,281mm,NULL,NULL,家用,3×USB3.0，Thunderbolt 3.0接口,424mm,3.07Kg,安全锁孔，TPM 2.0,400-0808-769,法定节假日休息,NULL,100V-240V 165W 自适应交流电源适配器,整机（含随机电池）免费保修1年,内置音效芯片,无内置光驱,NULL,NULL,NULL,NULL,NULL,游戏本，影音娱乐本，Ultrabook笔记本，时尚轻薄本,预装Windows 10 Home Basic 64bit（64位家庭普通版）,NULL,1年,黑色,NULL,NULL,触摸板,全国联保，享受三包服务,笔记本主机 x1电源适配器 x1电源线 x1说明书 x1保修卡 x1使用指南 x11Razer（雷蛇）贴纸 x1,NULL,附带软件,NULL,SD读卡器,16:9,耳机/麦克风二合一接口,NULL,支持，蓝牙4.1模块,NULL,NULL,内置麦克风,NULL,NULL,NULL,集成200万像素摄像头,NULL,对保修范围内的产品故障，以修理为解决原则。在可行的情况下，我们可能会尝试通过网络、电话或其他远程帮助方式来诊断和解决您的产品故障。产品及部件的相应保修期按相关《产品保修信息》执行。保修期自产品首次购买日起算，购买日以购买产品的发票日期为准。如无有效发票，则保修期将自产品出厂日起算。产品发票日期晚于产品实际交付日的，保修期自产品实际交付日起算。进入官网>>,17.3英寸,NULL,NULL,视具体使用环境而定,HDMI,NULL,NULL,NULL,不支持触控,NULL,炫彩背光键盘,RJ45（网络接口），电源接口
Razer Blade Pro 灵刃专业版（i7/32GB/512GB/4K触控屏）,Blade Pro 灵刃专业版系列,http://detail.zol.com.cn/notebook/index1173593.shtml,https://2d.zol-img.com.cn/product/183_80x60/875/ceIk5DgW2CAG.jpg,3.46万,正常,9443,Intel 酷睿i7 7820HQ,英特尔 酷睿i7 7代系列,2.9GHz,3.9GHz,四核心/八线程,8MB,NULL,Kaby Lake,14nm,45W,32GB,DDR4 2667MHz,NULL,512GB,SSD固态硬盘,12158,发烧级独立显卡,NVIDIA GeForce GTX 1080,8GB,GDDR5X,256bit,镁铝合金,NULL,NULL,锂离子聚合物电池,NULL,22.5mm,UHD，LED背光，IGZO屏，170°可视角,Intel 1535 AC，支持802.11a/b/g/n/ac无线协议,立体声扬声器,3840x2160,2017年05月,281mm,NULL,NULL,家用,3×USB3.0，Thunderbolt 3.0接口,424mm,3.49Kg,安全锁孔，TPM 2.0,400-0808-769,法定节假日休息,NULL,100V-240V 250W 自适应交流电源适配器,整机（含随机电池）免费保修1年,内置音效芯片,无内置光驱,NULL,NULL,NULL,NULL,NULL,游戏本，影音娱乐本，Ultrabook笔记本，时尚轻薄本,预装Windows 10 Home Basic 64bit（64位家庭普通版）,NULL,1年,黑色,NULL,NULL,触摸板,全国联保，享受三包服务,笔记本主机 x1电源适配器 x1电源线 x1说明书 x1保修卡 x1使用指南 x11Razer（雷蛇）贴纸 x1,NULL,附带软件,NULL,SD读卡器,16:9,耳机/麦克风二合一接口,NULL,支持，蓝牙4.1模块,NULL,NULL,内置麦克风,NULL,NULL,NULL,集成200万像素摄像头,NULL,对保修范围内的产品故障，以修理为解决原则。在可行的情况下，我们可能会尝试通过网络、电话或其他远程帮助方式来诊断和解决您的产品故障。产品及部件的相应保修期按相关《产品保修信息》执行。保修期自产品首次购买日起算，购买日以购买产品的发票日期为准。如无有效发票，则保修期将自产品出厂日起算。产品发票日期晚于产品实际交付日的，保修期自产品实际交付日起算。进入官网>>,17.3英寸,NULL,NULL,视具体使用环境而定,HDMI,NULL,NULL,NULL,支持十点触控,NULL,炫彩机械键盘,电源接口
Razer Blade Pro 灵刃专业版（i7/256GB+2TB）,Blade Pro 灵刃专业版系列,http://detail.zol.com.cn/notebook/index1185291.shtml,https://2d.zol-img.com.cn/product/187_80x60/647/celx809LrvxQc.jpg,1.95万,正常,8896,Intel 酷睿i7 7700HQ,英特尔 酷睿i7 7代系列,2.8GHz,3.8GHz,四核心/八线程,6MB,NULL,Kaby Lake,14nm,45W,16GB（8GB×2）,DDR4 2400MHz,NULL,256GB+2TB,混合硬盘（SSD+HDD）,8851,发烧级独立显卡,NVIDIA GeForce GTX 1060,6GB,GDDR5,192bit,镁铝合金,NULL,NULL,锂离子聚合物电池，70瓦时,NULL,22.5mm,UHD，LED背光，IPS雾面屏,Killer 1535 AC，支持802.11a/b/g/n/ac无线协议,内置立体声扬声器,1920x1080,2017年05月,281mm,NULL,NULL,家用,3×USB3.0，Thunderbolt 3.0接口,424mm,3.07Kg,安全锁孔，TPM 2.0,400-0808-769,法定节假日休息,NULL,100V-240V 165W 自适应交流电源适配器,整机（含随机电池）免费保修1年,内置音效芯片,无内置光驱,NULL,NULL,NULL,NULL,NULL,游戏本，影音娱乐本，Ultrabook笔记本，时尚轻薄本,预装Windows 10 Home Basic 64bit（64位家庭普通版）,NULL,1年,黑色,NULL,NULL,触摸板,全国联保，享受三包服务,笔记本主机 x1电源适配器 x1电源线 x1说明书 x1保修卡 x1使用指南 x11Razer（雷蛇）贴纸 x1,NULL,附带软件,NULL,SD读卡器,16:9,耳机/麦克风二合一接口,NULL,支持，蓝牙4.1模块,NULL,NULL,内置麦克风,NULL,NULL,NULL,集成200万像素摄像头,NULL,对保修范围内的产品故障，以修理为解决原则。在可行的情况下，我们可能会尝试通过网络、电话或其他远程帮助方式来诊断和解决您的产品故障。产品及部件的相应保修期按相关《产品保修信息》执行。保修期自产品首次购买日起算，购买日以购买产品的发票日期为准。如无有效发票，则保修期将自产品出厂日起算。产品发票日期晚于产品实际交付日的，保修期自产品实际交付日起算。进入官网>>,17.3英寸,NULL,NULL,视具体使用环境而定,HDMI,NULL,NULL,NULL,不支持触控,NULL,炫彩背光键盘,RJ45（网络接口），电源接口
